invoice_id,Customer_id,amount_due,due_date,payment_date,billing_cycle,late_fee_pct
1,100,8262.08,30/07/2024,24/07/2024,Jul-24,2
2,101,0,30/07/2024,,Jul-24,2
3,102,9367.53,30/07/2024,25/07/2024,Jul-24,2
4,103,1101.08,30/07/2024,29/07/2024,Jul-24,2
5,104,0,30/07/2024,,Jul-24,2
6,105,6753.59,30/07/2024,26/07/2024,Jul-24,2
7,106,2737.5,30/07/2024,20/07/2024,Jul-24,2
8,107,5566.26,30/07/2024,27/07/2024,Jul-24,2
9,108,0,30/07/2024,,Jul-24,2
10,109,0,30/07/2024,,Jul-24,2
11,110,0,30/07/2024,,Jul-24,2
12,111,0,30/07/2024,,Jul-24,2
13,112,7500.85,30/07/2024,29/07/2024,Jul-24,2
14,113,9464.86,30/07/2024,30/07/2024,Jul-24,2
15,114,2845.74,30/07/2024,23/07/2024,Jul-24,2
16,115,7468.84,30/07/2024,,Jul-24,2
17,116,9116.47,30/07/2024,01/07/2024,Jul-24,2
18,117,0,30/07/2024,,Jul-24,2
19,118,0,30/07/2024,,Jul-24,2
20,119,6994.5,30/07/2024,04/07/2024,Jul-24,2
21,120,4717.67,30/07/2024,10/07/2024,Jul-24,2
22,121,0,30/07/2024,,Jul-24,2
23,122,7610.92,30/07/2024,05/07/2024,Jul-24,2
24,123,376.07,30/07/2024,,Jul-24,2
25,124,2336.27,30/07/2024,18/07/2024,Jul-24,2
26,125,4472.92,30/07/2024,18/07/2024,Jul-24,2
27,126,0,30/07/2024,,Jul-24,2
28,127,5555.3,30/07/2024,25/07/2024,Jul-24,2
29,128,0,30/07/2024,,Jul-24,2
30,129,8479.67,30/07/2024,06/07/2024,Jul-24,2
31,130,0,30/07/2024,,Jul-24,2
32,131,0,30/07/2024,,Jul-24,2
33,132,0,30/07/2024,,Jul-24,2
34,133,1745.33,30/07/2024,20/07/2024,Jul-24,2
35,134,5872.98,30/07/2024,19/07/2024,Jul-24,2
36,135,0,30/07/2024,,Jul-24,2
37,136,4032.26,30/07/2024,30/06/2024,Jul-24,2
38,137,407.89,30/07/2024,,Jul-24,2
39,138,1681.35,30/07/2024,10/07/2024,Jul-24,2
40,139,0,30/07/2024,,Jul-24,2
41,140,9535.15,30/07/2024,08/07/2024,Jul-24,2
42,141,8326.56,30/07/2024,09/07/2024,Jul-24,2
43,142,0,30/07/2024,,Jul-24,2
44,143,4594.08,30/07/2024,,Jul-24,2
45,144,6690.18,30/07/2024,10/07/2024,Jul-24,2
46,145,6461.61,30/07/2024,11/07/2024,Jul-24,2
47,146,0,30/07/2024,,Jul-24,2
48,147,0,30/07/2024,,Jul-24,2
49,148,0,30/07/2024,,Jul-24,2
50,149,0,30/07/2024,,Jul-24,2
51,150,5090.87,30/07/2024,12/07/2024,Jul-24,2
52,151,7915.24,30/07/2024,13/07/2024,Jul-24,2
53,152,0,30/07/2024,,Jul-24,2
54,153,0,30/07/2024,,Jul-24,2
55,154,2211.98,30/07/2024,08/07/2024,Jul-24,2
56,155,0,30/07/2024,,Jul-24,2
57,156,7906.8,30/07/2024,15/07/2024,Jul-24,2
58,157,1479.63,30/07/2024,24/07/2024,Jul-24,2
59,158,0,30/07/2024,,Jul-24,2
60,159,5611.86,30/07/2024,30/07/2024,Jul-24,2
61,160,0,30/07/2024,,Jul-24,2
62,161,0,30/07/2024,,Jul-24,2
63,162,6073.35,30/07/2024,16/07/2024,Jul-24,2
64,163,5208.83,30/07/2024,24/07/2024,Jul-24,2
65,164,0,30/07/2024,,Jul-24,2
66,165,9234.15,30/07/2024,18/07/2024,Jul-24,2
67,166,0,30/07/2024,,Jul-24,2
68,167,1954.19,30/07/2024,13/07/2024,Jul-24,2
69,168,6551.05,30/07/2024,20/07/2024,Jul-24,2
70,169,0,30/07/2024,,Jul-24,2
71,170,3455.5,30/07/2024,30/06/2024,Jul-24,2
72,171,5333.31,30/07/2024,08/07/2024,Jul-24,2
73,172,0,30/07/2024,,Jul-24,2
74,173,6506.85,30/07/2024,22/07/2024,Jul-24,2
75,174,0,30/07/2024,,Jul-24,2
76,175,7384.54,30/07/2024,,Jul-24,2
77,176,9482.17,30/07/2024,25/07/2024,Jul-24,2
78,177,758.4,30/07/2024,,Jul-24,2
79,178,3766.93,30/07/2024,06/07/2024,Jul-24,2
80,179,0,30/07/2024,,Jul-24,2
81,180,5491.83,30/07/2024,20/07/2024,Jul-24,2
82,181,4226.68,30/07/2024,28/07/2024,Jul-24,2
83,182,8384.49,30/07/2024,26/07/2024,Jul-24,2
84,183,2152.4,30/07/2024,01/07/2024,Jul-24,2
85,184,4104.41,30/07/2024,08/07/2024,Jul-24,2
86,185,4349.08,30/07/2024,09/07/2024,Jul-24,2
87,186,6269.03,30/07/2024,27/07/2024,Jul-24,2
88,187,7463.78,30/07/2024,,Jul-24,2
89,188,6341.59,30/07/2024,29/07/2024,Jul-24,2
90,189,0,30/07/2024,,Jul-24,2
91,190,0,30/07/2024,,Jul-24,2
92,191,8273.82,30/07/2024,30/06/2024,Jul-24,2
93,192,0,30/07/2024,,Jul-24,2
94,193,0,30/07/2024,,Jul-24,2
95,194,7335.75,30/07/2024,02/07/2024,Jul-24,2
96,195,5565.19,30/07/2024,26/07/2024,Jul-24,2
97,196,3335.15,30/07/2024,17/07/2024,Jul-24,2
98,197,9219.84,30/07/2024,03/07/2024,Jul-24,2
99,198,4023.68,30/07/2024,30/07/2024,Jul-24,2
100,199,7009.53,30/07/2024,04/07/2024,Jul-24,2
101,200,6760.71,30/07/2024,05/07/2024,Jul-24,2
102,201,0,30/07/2024,,Jul-24,2
103,202,79.78,30/07/2024,,Jul-24,2
104,203,1630.77,30/07/2024,06/07/2024,Jul-24,2
105,204,0,30/07/2024,,Jul-24,2
106,205,7636.49,30/07/2024,07/07/2024,Jul-24,2
107,206,0,30/07/2024,,Jul-24,2
108,207,5331.29,30/07/2024,06/07/2024,Jul-24,2
109,208,5241.17,30/07/2024,28/07/2024,Jul-24,2
110,209,3437.72,30/07/2024,26/07/2024,Jul-24,2
111,210,0,30/07/2024,,Jul-24,2
112,211,0,30/07/2024,,Jul-24,2
113,212,2046.27,30/07/2024,23/07/2024,Jul-24,2
114,213,0,30/07/2024,,Jul-24,2
115,214,0,30/07/2024,,Jul-24,2
116,215,9001.99,30/07/2024,10/07/2024,Jul-24,2
117,216,5533.02,30/07/2024,24/07/2024,Jul-24,2
118,217,6663.09,30/07/2024,11/07/2024,Jul-24,2
119,218,6360.32,30/07/2024,12/07/2024,Jul-24,2
120,219,7460.26,30/07/2024,,Jul-24,2
121,220,2532.95,30/07/2024,03/07/2024,Jul-24,2
122,221,4909.95,30/07/2024,26/07/2024,Jul-24,2
123,222,3277.94,30/07/2024,12/07/2024,Jul-24,2
124,223,4723.42,30/07/2024,12/07/2024,Jul-24,2
125,224,0,30/07/2024,,Jul-24,2
126,225,0,30/07/2024,,Jul-24,2
127,226,6329.94,30/07/2024,15/07/2024,Jul-24,2
128,227,3726.12,30/07/2024,01/07/2024,Jul-24,2
129,228,8139.69,30/07/2024,16/07/2024,Jul-24,2
130,229,0,30/07/2024,,Jul-24,2
131,230,0,30/07/2024,,Jul-24,2
132,231,9298.94,30/07/2024,18/07/2024,Jul-24,2
133,232,478.41,30/07/2024,,Jul-24,2
134,233,1113.86,30/07/2024,30/06/2024,Jul-24,2
135,234,2623.58,30/07/2024,11/07/2024,Jul-24,2
136,235,5841.75,30/07/2024,17/07/2024,Jul-24,2
137,236,0,30/07/2024,,Jul-24,2
138,237,0,30/07/2024,,Jul-24,2
139,238,0,30/07/2024,,Jul-24,2
140,239,6598.23,30/07/2024,19/07/2024,Jul-24,2
141,240,2482.93,30/07/2024,30/07/2024,Jul-24,2
142,241,7876.76,30/07/2024,20/07/2024,Jul-24,2
143,242,643.02,30/07/2024,,Jul-24,2
144,243,8891.65,30/07/2024,21/07/2024,Jul-24,2
145,244,9342.45,30/07/2024,22/07/2024,Jul-24,2
146,245,0,30/07/2024,,Jul-24,2
147,246,1053.43,30/07/2024,18/07/2024,Jul-24,2
148,247,0,30/07/2024,,Jul-24,2
149,248,0,30/07/2024,,Jul-24,2
150,249,0,30/07/2024,,Jul-24,2
151,250,5045.15,30/07/2024,09/07/2024,Jul-24,2
152,251,0,30/07/2024,,Jul-24,2
153,252,0,30/07/2024,,Jul-24,2
154,253,9824.91,30/07/2024,24/07/2024,Jul-24,2
155,254,1039.94,30/07/2024,15/07/2024,Jul-24,2
156,255,0,30/07/2024,,Jul-24,2
157,256,0,30/07/2024,,Jul-24,2
158,257,5380.33,30/07/2024,12/07/2024,Jul-24,2
159,258,3344.29,30/07/2024,19/07/2024,Jul-24,2
160,259,0,30/07/2024,,Jul-24,2
161,260,4785.85,30/07/2024,16/07/2024,Jul-24,2
162,261,0,30/07/2024,,Jul-24,2
163,262,9522.89,30/07/2024,27/07/2024,Jul-24,2
164,263,8312.51,30/07/2024,28/07/2024,Jul-24,2
165,264,8714.85,30/07/2024,29/07/2024,Jul-24,2
166,265,5392.73,30/07/2024,14/07/2024,Jul-24,2
167,266,6519.46,30/07/2024,30/07/2024,Jul-24,2
168,267,4123.77,30/07/2024,12/07/2024,Jul-24,2
169,268,0,30/07/2024,,Jul-24,2
170,269,0,30/07/2024,,Jul-24,2
171,270,1101.03,30/07/2024,28/07/2024,Jul-24,2
172,271,0,30/07/2024,,Jul-24,2
173,272,7882.39,30/07/2024,02/07/2024,Jul-24,2
174,273,2937.25,30/07/2024,01/07/2024,Jul-24,2
175,274,3494.03,30/07/2024,04/07/2024,Jul-24,2
176,275,0,30/07/2024,,Jul-24,2
177,276,6653.55,30/07/2024,04/07/2024,Jul-24,2
178,277,7813.15,30/07/2024,05/07/2024,Jul-24,2
179,278,3863.08,30/07/2024,13/07/2024,Jul-24,2
180,279,7707.13,30/07/2024,06/07/2024,Jul-24,2
181,280,9418.82,30/07/2024,07/07/2024,Jul-24,2
182,281,0,30/07/2024,,Jul-24,2
183,282,0,30/07/2024,,Jul-24,2
184,283,8414.83,30/07/2024,08/07/2024,Jul-24,2
185,284,5938.32,30/07/2024,26/07/2024,Jul-24,2
186,285,0,30/07/2024,,Jul-24,2
187,286,4194.65,30/07/2024,24/07/2024,Jul-24,2
188,287,7652.75,30/07/2024,10/07/2024,Jul-24,2
189,288,3556.53,30/07/2024,09/07/2024,Jul-24,2
190,289,0,30/07/2024,,Jul-24,2
191,290,6217.09,30/07/2024,12/07/2024,Jul-24,2
192,291,5695.25,30/07/2024,10/07/2024,Jul-24,2
193,292,0,30/07/2024,,Jul-24,2
194,293,4295.05,30/07/2024,01/07/2024,Jul-24,2
195,294,0,30/07/2024,,Jul-24,2
196,295,5650.1,30/07/2024,04/07/2024,Jul-24,2
197,296,2209.76,30/07/2024,07/07/2024,Jul-24,2
198,297,269.83,30/07/2024,,Jul-24,2
199,298,0,30/07/2024,,Jul-24,2
200,299,0,30/07/2024,,Jul-24,2
201,300,4820.35,30/07/2024,18/07/2024,Jul-24,2
202,301,6191.72,30/07/2024,30/07/2024,Jul-24,2
203,302,0,30/07/2024,,Jul-24,2
204,303,9453.82,30/07/2024,17/07/2024,Jul-24,2
205,304,3942.27,30/07/2024,19/07/2024,Jul-24,2
206,305,9609.52,30/07/2024,18/07/2024,Jul-24,2
207,306,0,30/07/2024,,Jul-24,2
208,307,3679.31,30/07/2024,26/07/2024,Jul-24,2
209,308,0,30/07/2024,,Jul-24,2
210,309,0,30/07/2024,,Jul-24,2
211,310,8610.76,30/07/2024,20/07/2024,Jul-24,2
212,311,9983.85,30/07/2024,21/07/2024,Jul-24,2
213,312,8391.87,30/07/2024,22/07/2024,Jul-24,2
214,313,6678.87,30/07/2024,23/07/2024,Jul-24,2
215,314,1522.47,30/07/2024,29/07/2024,Jul-24,2
216,315,7966.28,30/07/2024,24/07/2024,Jul-24,2
217,316,1152.86,30/07/2024,01/07/2024,Jul-24,2
218,317,413.5,30/07/2024,,Jul-24,2
219,318,0,30/07/2024,,Jul-24,2
220,319,1408.69,30/07/2024,17/07/2024,Jul-24,2
221,320,2994.08,30/07/2024,10/07/2024,Jul-24,2
222,321,4707.64,30/07/2024,08/07/2024,Jul-24,2
223,322,0,30/07/2024,,Jul-24,2
224,323,2948.38,30/07/2024,02/07/2024,Jul-24,2
225,324,0,30/07/2024,,Jul-24,2
226,325,4665.2,30/07/2024,,Jul-24,2
227,326,4863.73,30/07/2024,23/07/2024,Jul-24,2
228,327,0,30/07/2024,,Jul-24,2
229,328,8368.36,30/07/2024,27/07/2024,Jul-24,2
230,329,0,30/07/2024,,Jul-24,2
231,330,0,30/07/2024,,Jul-24,2
232,331,0,30/07/2024,,Jul-24,2
233,332,874.7,30/07/2024,,Jul-24,2
234,333,2382.47,30/07/2024,22/07/2024,Jul-24,2
235,334,0,30/07/2024,,Jul-24,2
236,335,505.64,30/07/2024,,Jul-24,2
237,336,2707.81,30/07/2024,17/07/2024,Jul-24,2
238,337,0,30/07/2024,,Jul-24,2
239,338,9544.3,30/07/2024,28/07/2024,Jul-24,2
240,339,8935.97,30/07/2024,29/07/2024,Jul-24,2
241,340,4012.75,30/07/2024,28/07/2024,Jul-24,2
242,341,315.92,30/07/2024,,Jul-24,2
243,342,0,30/07/2024,,Jul-24,2
244,343,0,30/07/2024,,Jul-24,2
245,344,9207.56,30/07/2024,30/07/2024,Jul-24,2
246,345,0,30/07/2024,,Jul-24,2
247,346,1898.69,30/07/2024,04/07/2024,Jul-24,2
248,347,0,30/07/2024,,Jul-24,2
249,348,3746.94,30/07/2024,02/07/2024,Jul-24,2
250,349,0,30/07/2024,,Jul-24,2
251,350,3644.33,30/07/2024,,Jul-24,2
252,351,0,30/07/2024,,Jul-24,2
253,352,5411.7,30/07/2024,16/07/2024,Jul-24,2
254,353,0,30/07/2024,,Jul-24,2
255,354,210.85,30/07/2024,,Jul-24,2
256,355,3961.1,30/07/2024,23/07/2024,Jul-24,2
257,356,6062.85,30/07/2024,14/07/2024,Jul-24,2
258,357,0,30/07/2024,,Jul-24,2
259,358,0,30/07/2024,,Jul-24,2
260,359,1926.29,30/07/2024,08/07/2024,Jul-24,2
261,360,5691.9,30/07/2024,08/07/2024,Jul-24,2
262,361,1863.96,30/07/2024,30/07/2024,Jul-24,2
263,362,8825.97,30/07/2024,04/07/2024,Jul-24,2
264,363,0,30/07/2024,,Jul-24,2
265,364,2543.15,30/07/2024,04/07/2024,Jul-24,2
266,365,7162.14,30/07/2024,06/07/2024,Jul-24,2
267,366,1385.18,30/07/2024,15/07/2024,Jul-24,2
268,367,6564.58,30/07/2024,07/07/2024,Jul-24,2
269,368,2576.1,30/07/2024,06/07/2024,Jul-24,2
270,369,8961.62,30/07/2024,08/07/2024,Jul-24,2
271,370,1865.4,30/07/2024,30/06/2024,Jul-24,2
272,371,7928.14,30/07/2024,09/07/2024,Jul-24,2
273,372,8575.1,30/07/2024,10/07/2024,Jul-24,2
274,373,2375.75,30/07/2024,20/07/2024,Jul-24,2
275,374,6881.31,30/07/2024,11/07/2024,Jul-24,2
276,375,2099.16,30/07/2024,27/07/2024,Jul-24,2
277,376,0,30/07/2024,,Jul-24,2
278,377,497.55,30/07/2024,,Jul-24,2
279,378,1219.42,30/07/2024,07/07/2024,Jul-24,2
280,379,7931.91,30/07/2024,12/07/2024,Jul-24,2
281,380,4316.46,30/07/2024,03/07/2024,Jul-24,2
282,381,4183.26,30/07/2024,22/07/2024,Jul-24,2
283,382,0,30/07/2024,,Jul-24,2
284,383,4171.79,30/07/2024,21/07/2024,Jul-24,2
285,384,4866.49,30/07/2024,24/07/2024,Jul-24,2
286,385,354.99,30/07/2024,,Jul-24,2
287,386,477.62,30/07/2024,,Jul-24,2
288,387,7329.3,30/07/2024,13/07/2024,Jul-24,2
289,388,0,30/07/2024,,Jul-24,2
290,389,7050.85,30/07/2024,15/07/2024,Jul-24,2
291,390,1582.11,30/07/2024,02/07/2024,Jul-24,2
292,391,6025.13,30/07/2024,08/07/2024,Jul-24,2
293,392,1694.14,30/07/2024,13/07/2024,Jul-24,2
294,393,815.89,30/07/2024,,Jul-24,2
295,394,1590.8,30/07/2024,03/07/2024,Jul-24,2
296,395,5943.51,30/07/2024,27/07/2024,Jul-24,2
297,396,6486.84,30/07/2024,16/07/2024,Jul-24,2
298,397,0,30/07/2024,,Jul-24,2
299,398,0,30/07/2024,,Jul-24,2
300,399,0,30/07/2024,,Jul-24,2
301,400,4334.3,30/07/2024,06/07/2024,Jul-24,2
302,401,6085.74,30/07/2024,20/07/2024,Jul-24,2
303,402,0,30/07/2024,,Jul-24,2
304,403,0,30/07/2024,,Jul-24,2
305,404,6880.32,30/07/2024,20/07/2024,Jul-24,2
306,405,7805.58,30/07/2024,21/07/2024,Jul-24,2
307,406,0,30/07/2024,,Jul-24,2
308,407,3968.37,30/07/2024,25/07/2024,Jul-24,2
309,408,8311.45,30/07/2024,23/07/2024,Jul-24,2
310,409,0,30/07/2024,,Jul-24,2
311,410,3233.22,30/07/2024,05/07/2024,Jul-24,2
312,411,4736.61,30/07/2024,14/07/2024,Jul-24,2
313,412,0,30/07/2024,,Jul-24,2
314,413,2582.26,30/07/2024,07/07/2024,Jul-24,2
315,414,0,30/07/2024,,Jul-24,2
316,415,5003.65,30/07/2024,03/07/2024,Jul-24,2
317,416,9691.16,30/07/2024,24/07/2024,Jul-24,2
318,417,4088.75,30/07/2024,05/07/2024,Jul-24,2
319,418,0,30/07/2024,,Jul-24,2
320,419,9100.23,30/07/2024,26/07/2024,Jul-24,2
321,420,0,30/07/2024,,Jul-24,2
322,421,655.52,30/07/2024,,Jul-24,2
323,422,4736.21,30/07/2024,13/07/2024,Jul-24,2
324,423,8149.22,30/07/2024,28/07/2024,Jul-24,2
325,424,3364.34,30/07/2024,21/07/2024,Jul-24,2
326,425,0,30/07/2024,,Jul-24,2
327,426,7027.16,30/07/2024,30/07/2024,Jul-24,2
328,427,6728.03,30/07/2024,30/06/2024,Jul-24,2
329,428,6419.91,30/07/2024,01/07/2024,Jul-24,2
330,429,8802.27,30/07/2024,02/07/2024,Jul-24,2
331,430,0,30/07/2024,,Jul-24,2
332,431,3525.68,30/07/2024,08/07/2024,Jul-24,2
333,432,7778.25,30/07/2024,04/07/2024,Jul-24,2
334,433,0,30/07/2024,,Jul-24,2
335,434,0,30/07/2024,,Jul-24,2
336,435,6570.84,30/07/2024,06/07/2024,Jul-24,2
337,436,6729.12,30/07/2024,07/07/2024,Jul-24,2
338,437,0,30/07/2024,,Jul-24,2
339,438,0,30/07/2024,,Jul-24,2
340,439,0,30/07/2024,,Jul-24,2
341,440,510.22,30/07/2024,,Jul-24,2
342,441,0,30/07/2024,,Jul-24,2
343,442,8413.32,30/07/2024,10/07/2024,Jul-24,2
344,443,8656.92,30/07/2024,11/07/2024,Jul-24,2
345,444,0,30/07/2024,,Jul-24,2
346,445,6986.18,30/07/2024,13/07/2024,Jul-24,2
347,446,3597.12,30/07/2024,,Jul-24,2
348,447,7095.25,30/07/2024,14/07/2024,Jul-24,2
349,448,2800.78,30/07/2024,22/07/2024,Jul-24,2
350,449,0,30/07/2024,,Jul-24,2
351,450,0,30/07/2024,,Jul-24,2
352,451,8884.73,30/07/2024,15/07/2024,Jul-24,2
353,452,2782.1,30/07/2024,21/07/2024,Jul-24,2
354,453,0,30/07/2024,,Jul-24,2
355,454,5369.33,30/07/2024,11/07/2024,Jul-24,2
356,455,0,30/07/2024,,Jul-24,2
357,456,358.93,30/07/2024,,Jul-24,2
358,457,0,30/07/2024,,Jul-24,2
359,458,5505.78,30/07/2024,21/07/2024,Jul-24,2
360,459,7102.91,30/07/2024,18/07/2024,Jul-24,2
361,460,381.41,30/07/2024,,Jul-24,2
362,461,1872.97,30/07/2024,02/07/2024,Jul-24,2
363,462,9555.84,30/07/2024,19/07/2024,Jul-24,2
364,463,7086.73,30/07/2024,20/07/2024,Jul-24,2
365,464,7686.72,30/07/2024,21/07/2024,Jul-24,2
366,465,0,30/07/2024,,Jul-24,2
367,466,4585.4,30/07/2024,,Jul-24,2
368,467,876.79,30/07/2024,,Jul-24,2
369,468,0,30/07/2024,,Jul-24,2
370,469,0,30/07/2024,,Jul-24,2
371,470,5968.45,30/07/2024,30/07/2024,Jul-24,2
372,471,8472.25,30/07/2024,24/07/2024,Jul-24,2
373,472,1075.26,30/07/2024,25/07/2024,Jul-24,2
374,473,0,30/07/2024,,Jul-24,2
375,474,5980.41,30/07/2024,30/06/2024,Jul-24,2
376,475,4803,30/07/2024,17/07/2024,Jul-24,2
377,476,7799.56,30/07/2024,25/07/2024,Jul-24,2
378,477,881.11,30/07/2024,,Jul-24,2
379,478,4484.15,30/07/2024,20/07/2024,Jul-24,2
380,479,0,30/07/2024,,Jul-24,2
381,480,4909.06,30/07/2024,25/07/2024,Jul-24,2
382,481,5176.12,30/07/2024,19/07/2024,Jul-24,2
383,482,0,30/07/2024,,Jul-24,2
384,483,0,30/07/2024,,Jul-24,2
385,484,0,30/07/2024,,Jul-24,2
386,485,1453.28,30/07/2024,19/07/2024,Jul-24,2
387,486,1235.74,30/07/2024,08/07/2024,Jul-24,2
388,487,1879.56,30/07/2024,03/07/2024,Jul-24,2
389,488,7232.05,30/07/2024,27/07/2024,Jul-24,2
390,489,0,30/07/2024,,Jul-24,2
391,490,3573.47,30/07/2024,11/07/2024,Jul-24,2
392,491,0,30/07/2024,,Jul-24,2
393,492,0,30/07/2024,,Jul-24,2
394,493,1812.9,30/07/2024,23/07/2024,Jul-24,2
395,494,9.65,30/07/2024,,Jul-24,2
396,495,3604.41,30/07/2024,,Jul-24,2
397,496,500.72,30/07/2024,,Jul-24,2
398,497,0,30/07/2024,,Jul-24,2
399,498,6079.91,30/07/2024,17/07/2024,Jul-24,2
400,499,5590.8,30/07/2024,28/07/2024,Jul-24,2
401,500,0,30/07/2024,,Jul-24,2
402,501,7178.75,30/07/2024,29/07/2024,Jul-24,2
403,502,0,30/07/2024,,Jul-24,2
404,503,3808.13,30/07/2024,09/07/2024,Jul-24,2
405,504,3092.44,30/07/2024,21/07/2024,Jul-24,2
406,505,30.63,30/07/2024,,Jul-24,2
407,506,6275.26,30/07/2024,30/07/2024,Jul-24,2
408,507,7598.56,30/07/2024,30/06/2024,Jul-24,2
409,508,0,30/07/2024,,Jul-24,2
410,509,3714.3,30/07/2024,30/07/2024,Jul-24,2
411,510,8683.03,30/07/2024,02/07/2024,Jul-24,2
412,511,1471.67,30/07/2024,22/07/2024,Jul-24,2
413,512,0,30/07/2024,,Jul-24,2
414,513,2982.25,30/07/2024,08/07/2024,Jul-24,2
415,514,3754.82,30/07/2024,04/07/2024,Jul-24,2
416,515,0,30/07/2024,,Jul-24,2
417,516,8884.94,30/07/2024,04/07/2024,Jul-24,2
418,517,0,30/07/2024,,Jul-24,2
419,518,3315.22,30/07/2024,15/07/2024,Jul-24,2
420,519,811.2,30/07/2024,,Jul-24,2
421,520,0,30/07/2024,,Jul-24,2
422,521,0,30/07/2024,,Jul-24,2
423,522,1065.98,30/07/2024,23/07/2024,Jul-24,2
424,523,5785.1,30/07/2024,15/07/2024,Jul-24,2
425,524,6449.62,30/07/2024,07/07/2024,Jul-24,2
426,525,3642.1,30/07/2024,,Jul-24,2
427,526,0,30/07/2024,,Jul-24,2
428,527,0,30/07/2024,,Jul-24,2
429,528,2011.6,30/07/2024,19/07/2024,Jul-24,2
430,529,0,30/07/2024,,Jul-24,2
431,530,6500.03,30/07/2024,09/07/2024,Jul-24,2
432,531,0,30/07/2024,,Jul-24,2
433,532,8427.68,30/07/2024,11/07/2024,Jul-24,2
434,533,8518.77,30/07/2024,12/07/2024,Jul-24,2
435,534,9235.2,30/07/2024,13/07/2024,Jul-24,2
436,535,0,30/07/2024,,Jul-24,2
437,536,7278.81,30/07/2024,15/07/2024,Jul-24,2
438,537,3238.03,30/07/2024,07/07/2024,Jul-24,2
439,538,3184.9,30/07/2024,30/07/2024,Jul-24,2
440,539,5628.33,30/07/2024,01/07/2024,Jul-24,2
441,540,0,30/07/2024,,Jul-24,2
442,541,0,30/07/2024,,Jul-24,2
443,542,7987.08,30/07/2024,16/07/2024,Jul-24,2
444,543,8782.01,30/07/2024,17/07/2024,Jul-24,2
445,544,0,30/07/2024,,Jul-24,2
446,545,9145.91,30/07/2024,19/07/2024,Jul-24,2
447,546,8743.55,30/07/2024,20/07/2024,Jul-24,2
448,547,0,30/07/2024,,Jul-24,2
449,548,0,30/07/2024,,Jul-24,2
450,549,9217.3,30/07/2024,21/07/2024,Jul-24,2
451,550,5912.29,30/07/2024,23/07/2024,Jul-24,2
452,551,1032.62,30/07/2024,14/07/2024,Jul-24,2
453,552,3675.11,30/07/2024,,Jul-24,2
454,553,4613.8,30/07/2024,,Jul-24,2
455,554,563.8,30/07/2024,,Jul-24,2
456,555,5691.93,30/07/2024,09/07/2024,Jul-24,2
457,556,5123.04,30/07/2024,16/07/2024,Jul-24,2
458,557,5117.21,30/07/2024,15/07/2024,Jul-24,2
459,558,9069.08,30/07/2024,22/07/2024,Jul-24,2
460,559,8615.78,30/07/2024,23/07/2024,Jul-24,2
461,560,0,30/07/2024,,Jul-24,2
462,561,6121.2,30/07/2024,23/07/2024,Jul-24,2
463,562,0,30/07/2024,,Jul-24,2
464,563,7204.07,30/07/2024,25/07/2024,Jul-24,2
465,564,8935.42,30/07/2024,26/07/2024,Jul-24,2
466,565,6775.08,30/07/2024,27/07/2024,Jul-24,2
467,566,0,30/07/2024,,Jul-24,2
468,567,0,30/07/2024,,Jul-24,2
469,568,0,30/07/2024,,Jul-24,2
470,569,5332.9,30/07/2024,07/07/2024,Jul-24,2
471,570,4837.57,30/07/2024,21/07/2024,Jul-24,2
472,571,9628.5,30/07/2024,28/07/2024,Jul-24,2
473,572,4109.31,30/07/2024,10/07/2024,Jul-24,2
474,573,0,30/07/2024,,Jul-24,2
475,574,0,30/07/2024,,Jul-24,2
476,575,4344.51,30/07/2024,08/07/2024,Jul-24,2
477,576,9807.27,30/07/2024,30/06/2024,Jul-24,2
478,577,2601,30/07/2024,09/07/2024,Jul-24,2
479,578,0,30/07/2024,,Jul-24,2
480,579,339.57,30/07/2024,,Jul-24,2
481,580,8445.99,30/07/2024,01/07/2024,Jul-24,2
482,581,6537.79,30/07/2024,02/07/2024,Jul-24,2
483,582,4142.45,30/07/2024,14/07/2024,Jul-24,2
484,583,0,30/07/2024,,Jul-24,2
485,584,0,30/07/2024,,Jul-24,2
486,585,6199.83,30/07/2024,03/07/2024,Jul-24,2
487,586,0,30/07/2024,,Jul-24,2
488,587,0,30/07/2024,,Jul-24,2
489,588,9508.14,30/07/2024,05/07/2024,Jul-24,2
490,589,0,30/07/2024,,Jul-24,2
491,590,0,30/07/2024,,Jul-24,2
492,591,6128.86,30/07/2024,25/07/2024,Jul-24,2
493,592,6192.5,30/07/2024,07/07/2024,Jul-24,2
494,593,9520.24,30/07/2024,08/07/2024,Jul-24,2
495,594,9004.7,30/07/2024,09/07/2024,Jul-24,2
496,595,0,30/07/2024,,Jul-24,2
497,596,6935.9,30/07/2024,10/07/2024,Jul-24,2
498,597,372.77,30/07/2024,,Jul-24,2
499,598,1054.21,30/07/2024,19/07/2024,Jul-24,2
500,599,5222.55,30/07/2024,26/07/2024,Jul-24,2
501,600,5691.47,30/07/2024,07/07/2024,Jul-24,2
502,601,0,30/07/2024,,Jul-24,2
503,602,0,30/07/2024,,Jul-24,2
504,603,2300.54,30/07/2024,13/07/2024,Jul-24,2
505,604,0,30/07/2024,,Jul-24,2
506,605,0,30/07/2024,,Jul-24,2
507,606,0,30/07/2024,,Jul-24,2
508,607,9223.7,30/07/2024,12/07/2024,Jul-24,2
509,608,7625.46,30/07/2024,13/07/2024,Jul-24,2
510,609,4949.88,30/07/2024,30/06/2024,Jul-24,2
511,610,3336.58,30/07/2024,18/07/2024,Jul-24,2
512,611,3452.69,30/07/2024,30/07/2024,Jul-24,2
513,612,8678.04,30/07/2024,14/07/2024,Jul-24,2
514,613,8891.71,30/07/2024,15/07/2024,Jul-24,2
515,614,5523.41,30/07/2024,23/07/2024,Jul-24,2
516,615,0,30/07/2024,,Jul-24,2
517,616,0,30/07/2024,,Jul-24,2
518,617,0,30/07/2024,,Jul-24,2
519,618,1489.73,30/07/2024,26/07/2024,Jul-24,2
520,619,0,30/07/2024,,Jul-24,2
521,620,0,30/07/2024,,Jul-24,2
522,621,2017.89,30/07/2024,21/07/2024,Jul-24,2
523,622,8600.3,30/07/2024,18/07/2024,Jul-24,2
524,623,0,30/07/2024,,Jul-24,2
525,624,0,30/07/2024,,Jul-24,2
526,625,7193.09,30/07/2024,20/07/2024,Jul-24,2
527,626,0,30/07/2024,,Jul-24,2
528,627,2104.07,30/07/2024,28/07/2024,Jul-24,2
529,628,6852.01,30/07/2024,21/07/2024,Jul-24,2
530,629,7012.15,30/07/2024,22/07/2024,Jul-24,2
531,630,7045.18,30/07/2024,23/07/2024,Jul-24,2
532,631,188.29,30/07/2024,,Jul-24,2
533,632,0,30/07/2024,,Jul-24,2
534,633,4143.21,30/07/2024,15/07/2024,Jul-24,2
535,634,0,30/07/2024,,Jul-24,2
536,635,5894.44,30/07/2024,20/07/2024,Jul-24,2
537,636,0,30/07/2024,,Jul-24,2
538,637,2295.3,30/07/2024,12/07/2024,Jul-24,2
539,638,5923.18,30/07/2024,25/07/2024,Jul-24,2
540,639,2321.01,30/07/2024,16/07/2024,Jul-24,2
541,640,0,30/07/2024,,Jul-24,2
542,641,2110.46,30/07/2024,30/07/2024,Jul-24,2
543,642,7704.88,30/07/2024,26/07/2024,Jul-24,2
544,643,0,30/07/2024,,Jul-24,2
545,644,0,30/07/2024,,Jul-24,2
546,645,7435.54,30/07/2024,,Jul-24,2
547,646,0,30/07/2024,,Jul-24,2
548,647,5031.8,30/07/2024,08/07/2024,Jul-24,2
549,648,0,30/07/2024,,Jul-24,2
550,649,7694.74,30/07/2024,30/06/2024,Jul-24,2
551,650,4122.45,30/07/2024,11/07/2024,Jul-24,2
552,651,0,30/07/2024,,Jul-24,2
553,652,9063.95,30/07/2024,01/07/2024,Jul-24,2
554,653,0,30/07/2024,,Jul-24,2
555,654,8704.14,30/07/2024,02/07/2024,Jul-24,2
556,655,0,30/07/2024,,Jul-24,2
557,656,148.89,30/07/2024,,Jul-24,2
558,657,7392.87,30/07/2024,,Jul-24,2
559,658,0,30/07/2024,,Jul-24,2
560,659,9038.84,30/07/2024,05/07/2024,Jul-24,2
561,660,7670.08,30/07/2024,06/07/2024,Jul-24,2
562,661,2315.26,30/07/2024,15/07/2024,Jul-24,2
563,662,0,30/07/2024,,Jul-24,2
564,663,274.76,30/07/2024,,Jul-24,2
565,664,5138.17,30/07/2024,17/07/2024,Jul-24,2
566,665,0,30/07/2024,,Jul-24,2
567,666,8673.56,30/07/2024,07/07/2024,Jul-24,2
568,667,551.1,30/07/2024,,Jul-24,2
569,668,0,30/07/2024,,Jul-24,2
570,669,3082.56,30/07/2024,20/07/2024,Jul-24,2
571,670,0,30/07/2024,,Jul-24,2
572,671,5981.56,30/07/2024,01/07/2024,Jul-24,2
573,672,3819.36,30/07/2024,10/07/2024,Jul-24,2
574,673,0,30/07/2024,,Jul-24,2
575,674,5251.43,30/07/2024,30/07/2024,Jul-24,2
576,675,6551.03,30/07/2024,11/07/2024,Jul-24,2
577,676,0,30/07/2024,,Jul-24,2
578,677,6201.69,30/07/2024,12/07/2024,Jul-24,2
579,678,4055.02,30/07/2024,03/07/2024,Jul-24,2
580,679,7801.87,30/07/2024,13/07/2024,Jul-24,2
581,680,0,30/07/2024,,Jul-24,2
582,681,0,30/07/2024,,Jul-24,2
583,682,8950.57,30/07/2024,14/07/2024,Jul-24,2
584,683,0,30/07/2024,,Jul-24,2
585,684,8649.79,30/07/2024,16/07/2024,Jul-24,2
586,685,0,30/07/2024,,Jul-24,2
587,686,2996.87,30/07/2024,11/07/2024,Jul-24,2
588,687,7269.28,30/07/2024,17/07/2024,Jul-24,2
589,688,0,30/07/2024,,Jul-24,2
590,689,0,30/07/2024,,Jul-24,2
591,690,763.84,30/07/2024,,Jul-24,2
592,691,4148.61,30/07/2024,17/07/2024,Jul-24,2
593,692,0,30/07/2024,,Jul-24,2
594,693,5254.82,30/07/2024,30/06/2024,Jul-24,2
595,694,0,30/07/2024,,Jul-24,2
596,695,0,30/07/2024,,Jul-24,2
597,696,0,30/07/2024,,Jul-24,2
598,697,4106.4,30/07/2024,09/07/2024,Jul-24,2
599,698,9351.71,30/07/2024,20/07/2024,Jul-24,2
600,699,2892.31,30/07/2024,28/07/2024,Jul-24,2
601,700,4690.63,30/07/2024,06/07/2024,Jul-24,2
602,701,0,30/07/2024,,Jul-24,2
603,702,1967.37,30/07/2024,14/07/2024,Jul-24,2
604,703,0,30/07/2024,,Jul-24,2
605,704,7693.12,30/07/2024,22/07/2024,Jul-24,2
606,705,820.78,30/07/2024,,Jul-24,2
607,706,4100.59,30/07/2024,07/07/2024,Jul-24,2
608,707,9570.16,30/07/2024,23/07/2024,Jul-24,2
609,708,891.53,30/07/2024,,Jul-24,2
610,709,6379.76,30/07/2024,24/07/2024,Jul-24,2
611,710,5300.12,30/07/2024,03/07/2024,Jul-24,2
612,711,0,30/07/2024,,Jul-24,2
613,712,3619.86,30/07/2024,,Jul-24,2
614,713,839.06,30/07/2024,,Jul-24,2
615,714,0,30/07/2024,,Jul-24,2
616,715,7699.8,30/07/2024,27/07/2024,Jul-24,2
617,716,3848.39,30/07/2024,12/07/2024,Jul-24,2
618,717,0,30/07/2024,,Jul-24,2
619,718,0,30/07/2024,,Jul-24,2
620,719,5284.19,30/07/2024,02/07/2024,Jul-24,2
621,720,764.81,30/07/2024,,Jul-24,2
622,721,9813.6,30/07/2024,29/07/2024,Jul-24,2
623,722,144.52,30/07/2024,,Jul-24,2
624,723,2068.17,30/07/2024,24/07/2024,Jul-24,2
625,724,9780.47,30/07/2024,30/07/2024,Jul-24,2
626,725,4383.76,30/07/2024,11/07/2024,Jul-24,2
627,726,2155.84,30/07/2024,03/07/2024,Jul-24,2
628,727,7712.43,30/07/2024,30/06/2024,Jul-24,2
629,728,6490.82,30/07/2024,01/07/2024,Jul-24,2
630,729,874.03,30/07/2024,,Jul-24,2
631,730,0,30/07/2024,,Jul-24,2
632,731,2962.67,30/07/2024,06/07/2024,Jul-24,2
633,732,4548.4,30/07/2024,,Jul-24,2
634,733,0,30/07/2024,,Jul-24,2
635,734,0,30/07/2024,,Jul-24,2
636,735,5951.01,30/07/2024,29/07/2024,Jul-24,2
637,736,0,30/07/2024,,Jul-24,2
638,737,0,30/07/2024,,Jul-24,2
639,738,3235.1,30/07/2024,06/07/2024,Jul-24,2
640,739,0,30/07/2024,,Jul-24,2
641,740,3891.2,30/07/2024,15/07/2024,Jul-24,2
642,741,0,30/07/2024,,Jul-24,2
643,742,5072.43,30/07/2024,11/07/2024,Jul-24,2
644,743,0,30/07/2024,,Jul-24,2
645,744,9163.23,30/07/2024,07/07/2024,Jul-24,2
646,745,0,30/07/2024,,Jul-24,2
647,746,8091.16,30/07/2024,09/07/2024,Jul-24,2
648,747,4422.51,30/07/2024,16/07/2024,Jul-24,2
649,748,5244.63,30/07/2024,29/07/2024,Jul-24,2
650,749,0,30/07/2024,,Jul-24,2
651,750,0,30/07/2024,,Jul-24,2
652,751,5381.77,30/07/2024,13/07/2024,Jul-24,2
653,752,8287.56,30/07/2024,10/07/2024,Jul-24,2
654,753,0,30/07/2024,,Jul-24,2
655,754,4390.14,30/07/2024,12/07/2024,Jul-24,2
656,755,0,30/07/2024,,Jul-24,2
657,756,3352.01,30/07/2024,20/07/2024,Jul-24,2
658,757,1708.77,30/07/2024,15/07/2024,Jul-24,2
659,758,0,30/07/2024,,Jul-24,2
660,759,437.01,30/07/2024,,Jul-24,2
661,760,0,30/07/2024,,Jul-24,2
662,761,7134.93,30/07/2024,14/07/2024,Jul-24,2
663,762,0,30/07/2024,,Jul-24,2
664,763,0,30/07/2024,,Jul-24,2
665,764,0,30/07/2024,,Jul-24,2
666,765,6069.9,30/07/2024,15/07/2024,Jul-24,2
667,766,8945.82,30/07/2024,16/07/2024,Jul-24,2
668,767,1547.75,30/07/2024,30/06/2024,Jul-24,2
669,768,0,30/07/2024,,Jul-24,2
670,769,3061.96,30/07/2024,17/07/2024,Jul-24,2
671,770,9985.08,30/07/2024,17/07/2024,Jul-24,2
672,771,7317,30/07/2024,18/07/2024,Jul-24,2
673,772,4504.64,30/07/2024,22/07/2024,Jul-24,2
674,773,3780.47,30/07/2024,08/07/2024,Jul-24,2
675,774,1029.86,30/07/2024,13/07/2024,Jul-24,2
676,775,0,30/07/2024,,Jul-24,2
677,776,0,30/07/2024,,Jul-24,2
678,777,1504.72,30/07/2024,27/07/2024,Jul-24,2
679,778,0,30/07/2024,,Jul-24,2
680,779,1988.56,30/07/2024,16/07/2024,Jul-24,2
681,780,4557.45,30/07/2024,,Jul-24,2
682,781,6883.94,30/07/2024,20/07/2024,Jul-24,2
683,782,0,30/07/2024,,Jul-24,2
684,783,8338.81,30/07/2024,22/07/2024,Jul-24,2
685,784,0,30/07/2024,,Jul-24,2
686,785,4150.08,30/07/2024,18/07/2024,Jul-24,2
687,786,0,30/07/2024,,Jul-24,2
688,787,7860.23,30/07/2024,23/07/2024,Jul-24,2
689,788,1808.91,30/07/2024,22/07/2024,Jul-24,2
690,789,9078.36,30/07/2024,24/07/2024,Jul-24,2
691,790,0,30/07/2024,,Jul-24,2
692,791,8775.34,30/07/2024,26/07/2024,Jul-24,2
693,792,201.86,30/07/2024,,Jul-24,2
694,793,0,30/07/2024,,Jul-24,2
695,794,8836.6,30/07/2024,28/07/2024,Jul-24,2
696,795,7380.58,30/07/2024,,Jul-24,2
697,796,0,30/07/2024,,Jul-24,2
698,797,0,30/07/2024,,Jul-24,2
699,798,1934.87,30/07/2024,11/07/2024,Jul-24,2
700,799,6719.98,30/07/2024,30/06/2024,Jul-24,2
701,800,7124.48,30/07/2024,01/07/2024,Jul-24,2
702,801,2207.12,30/07/2024,06/07/2024,Jul-24,2
703,802,0,30/07/2024,,Jul-24,2
704,803,4444.64,30/07/2024,17/07/2024,Jul-24,2
705,804,0,30/07/2024,,Jul-24,2
706,805,19.23,30/07/2024,,Jul-24,2
707,806,474.22,30/07/2024,,Jul-24,2
708,807,3276.23,30/07/2024,11/07/2024,Jul-24,2
709,808,5988.19,30/07/2024,04/07/2024,Jul-24,2
710,809,4189.36,30/07/2024,23/07/2024,Jul-24,2
711,810,5988.65,30/07/2024,06/07/2024,Jul-24,2
712,811,0,30/07/2024,,Jul-24,2
713,812,3922.39,30/07/2024,18/07/2024,Jul-24,2
714,813,0,30/07/2024,,Jul-24,2
715,814,3666.43,30/07/2024,,Jul-24,2
716,815,0,30/07/2024,,Jul-24,2
717,816,0,30/07/2024,,Jul-24,2
718,817,333.68,30/07/2024,,Jul-24,2
719,818,677.21,30/07/2024,,Jul-24,2
720,819,4331.19,30/07/2024,05/07/2024,Jul-24,2
721,820,0,30/07/2024,,Jul-24,2
722,821,0,30/07/2024,,Jul-24,2
723,822,5985.91,30/07/2024,02/07/2024,Jul-24,2
724,823,0,30/07/2024,,Jul-24,2
725,824,0,30/07/2024,,Jul-24,2
726,825,2933.8,30/07/2024,30/06/2024,Jul-24,2
727,826,0,30/07/2024,,Jul-24,2
728,827,0,30/07/2024,,Jul-24,2
729,828,8718.29,30/07/2024,06/07/2024,Jul-24,2
730,829,0,30/07/2024,,Jul-24,2
731,830,0,30/07/2024,,Jul-24,2
732,831,6304.24,30/07/2024,08/07/2024,Jul-24,2
733,832,7097.18,30/07/2024,09/07/2024,Jul-24,2
734,833,0,30/07/2024,,Jul-24,2
735,834,0,30/07/2024,,Jul-24,2
736,835,7055.29,30/07/2024,10/07/2024,Jul-24,2
737,836,0,30/07/2024,,Jul-24,2
738,837,6431.2,30/07/2024,11/07/2024,Jul-24,2
739,838,2458.31,30/07/2024,27/07/2024,Jul-24,2
740,839,0,30/07/2024,,Jul-24,2
741,840,5831.77,30/07/2024,16/07/2024,Jul-24,2
742,841,8935.79,30/07/2024,12/07/2024,Jul-24,2
743,842,0,30/07/2024,,Jul-24,2
744,843,3567.86,30/07/2024,10/07/2024,Jul-24,2
745,844,4195.37,30/07/2024,25/07/2024,Jul-24,2
746,845,0,30/07/2024,,Jul-24,2
747,846,4409.34,30/07/2024,15/07/2024,Jul-24,2
748,847,9392.94,30/07/2024,14/07/2024,Jul-24,2
749,848,5208.11,30/07/2024,23/07/2024,Jul-24,2
750,849,0,30/07/2024,,Jul-24,2
751,850,3595.82,30/07/2024,,Jul-24,2
752,851,0,30/07/2024,,Jul-24,2
753,852,8575.07,30/07/2024,16/07/2024,Jul-24,2
754,853,4828.78,30/07/2024,20/07/2024,Jul-24,2
755,854,2955.6,30/07/2024,05/07/2024,Jul-24,2
756,855,0,30/07/2024,,Jul-24,2
757,856,5910.09,30/07/2024,22/07/2024,Jul-24,2
758,857,2498.01,30/07/2024,01/07/2024,Jul-24,2
759,858,2155.26,30/07/2024,02/07/2024,Jul-24,2
760,859,2890.54,30/07/2024,27/07/2024,Jul-24,2
761,860,7581.82,30/07/2024,17/07/2024,Jul-24,2
762,861,3503.22,30/07/2024,06/07/2024,Jul-24,2
763,862,8599.75,30/07/2024,18/07/2024,Jul-24,2
764,863,116.24,30/07/2024,,Jul-24,2
765,864,4046.12,30/07/2024,01/07/2024,Jul-24,2
766,865,0,30/07/2024,,Jul-24,2
767,866,7166.56,30/07/2024,19/07/2024,Jul-24,2
768,867,0,30/07/2024,,Jul-24,2
769,868,0,30/07/2024,,Jul-24,2
770,869,536.67,30/07/2024,,Jul-24,2
771,870,0,30/07/2024,,Jul-24,2
772,871,1921.05,30/07/2024,07/07/2024,Jul-24,2
773,872,0,30/07/2024,,Jul-24,2
774,873,4772.17,30/07/2024,15/07/2024,Jul-24,2
775,874,869.21,30/07/2024,,Jul-24,2
776,875,1671.99,30/07/2024,09/07/2024,Jul-24,2
777,876,0,30/07/2024,,Jul-24,2
778,877,4543.11,30/07/2024,,Jul-24,2
779,878,0,30/07/2024,,Jul-24,2
780,879,8468.63,30/07/2024,20/07/2024,Jul-24,2
781,880,4309.45,30/07/2024,02/07/2024,Jul-24,2
782,881,6256.89,30/07/2024,21/07/2024,Jul-24,2
783,882,3408.46,30/07/2024,24/07/2024,Jul-24,2
784,883,5026.68,30/07/2024,07/07/2024,Jul-24,2
785,884,1293.14,30/07/2024,11/07/2024,Jul-24,2
786,885,2137.23,30/07/2024,30/06/2024,Jul-24,2
787,886,7077.54,30/07/2024,22/07/2024,Jul-24,2
788,887,657.37,30/07/2024,,Jul-24,2
789,888,9542.6,30/07/2024,23/07/2024,Jul-24,2
790,889,0,30/07/2024,,Jul-24,2
791,890,3658.61,30/07/2024,,Jul-24,2
792,891,0,30/07/2024,,Jul-24,2
793,892,0,30/07/2024,,Jul-24,2
794,893,2733.86,30/07/2024,19/07/2024,Jul-24,2
795,894,0,30/07/2024,,Jul-24,2
796,895,903.25,30/07/2024,,Jul-24,2
797,896,9767.38,30/07/2024,25/07/2024,Jul-24,2
798,897,0,30/07/2024,,Jul-24,2
799,898,7524.74,30/07/2024,27/07/2024,Jul-24,2
800,899,6895.81,30/07/2024,28/07/2024,Jul-24,2
801,900,0,30/07/2024,,Jul-24,2
802,901,0,30/07/2024,,Jul-24,2
803,902,1089.99,30/07/2024,26/07/2024,Jul-24,2
804,903,3198.84,30/07/2024,01/07/2024,Jul-24,2
805,904,0,30/07/2024,,Jul-24,2
806,905,7508.54,30/07/2024,30/07/2024,Jul-24,2
807,906,0,30/07/2024,,Jul-24,2
808,907,3878.58,30/07/2024,14/07/2024,Jul-24,2
809,908,0,30/07/2024,,Jul-24,2
810,909,0,30/07/2024,,Jul-24,2
811,910,8186.59,30/07/2024,01/07/2024,Jul-24,2
812,911,2226.28,30/07/2024,09/07/2024,Jul-24,2
813,912,2468.44,30/07/2024,29/07/2024,Jul-24,2
814,913,7734.7,30/07/2024,02/07/2024,Jul-24,2
815,914,3452.31,30/07/2024,29/07/2024,Jul-24,2
816,915,0,30/07/2024,,Jul-24,2
817,916,305.19,30/07/2024,,Jul-24,2
818,917,1900.06,30/07/2024,05/07/2024,Jul-24,2
819,918,6749.49,30/07/2024,04/07/2024,Jul-24,2
820,919,0,30/07/2024,,Jul-24,2
821,920,0,30/07/2024,,Jul-24,2
822,921,0,30/07/2024,,Jul-24,2
823,922,8221.29,30/07/2024,08/07/2024,Jul-24,2
824,923,0,30/07/2024,,Jul-24,2
825,924,0,30/07/2024,,Jul-24,2
826,925,0,30/07/2024,,Jul-24,2
827,926,8646.31,30/07/2024,11/07/2024,Jul-24,2
828,927,498.61,30/07/2024,,Jul-24,2
829,928,0,30/07/2024,,Jul-24,2
830,929,905.98,30/07/2024,,Jul-24,2
831,930,6258.31,30/07/2024,12/07/2024,Jul-24,2
832,931,597.8,30/07/2024,,Jul-24,2
833,932,1593.1,30/07/2024,04/07/2024,Jul-24,2
834,933,8746.28,30/07/2024,13/07/2024,Jul-24,2
835,934,0,30/07/2024,,Jul-24,2
836,935,0,30/07/2024,,Jul-24,2
837,936,0,30/07/2024,,Jul-24,2
838,937,8159.9,30/07/2024,17/07/2024,Jul-24,2
839,938,6039.76,30/07/2024,10/07/2024,Jul-24,2
840,939,0,30/07/2024,,Jul-24,2
841,940,9528.4,30/07/2024,18/07/2024,Jul-24,2
842,941,1090.52,30/07/2024,27/07/2024,Jul-24,2
843,942,9833.73,30/07/2024,19/07/2024,Jul-24,2
844,943,795.15,30/07/2024,,Jul-24,2
845,944,5153.65,30/07/2024,18/07/2024,Jul-24,2
846,945,0,30/07/2024,,Jul-24,2
847,946,306.37,30/07/2024,,Jul-24,2
848,947,0,30/07/2024,,Jul-24,2
849,948,7882.35,30/07/2024,20/07/2024,Jul-24,2
850,949,4293.57,30/07/2024,30/06/2024,Jul-24,2
851,950,0,30/07/2024,,Jul-24,2
852,951,799.38,30/07/2024,,Jul-24,2
853,952,0,30/07/2024,,Jul-24,2
854,953,68.52,30/07/2024,,Jul-24,2
855,954,0,30/07/2024,,Jul-24,2
856,955,6594.32,30/07/2024,22/07/2024,Jul-24,2
857,956,0,30/07/2024,,Jul-24,2
858,957,0,30/07/2024,,Jul-24,2
859,958,5703.13,30/07/2024,12/07/2024,Jul-24,2
860,959,8802.35,30/07/2024,24/07/2024,Jul-24,2
861,960,3752.33,30/07/2024,03/07/2024,Jul-24,2
862,961,1420.43,30/07/2024,18/07/2024,Jul-24,2
863,962,1367.92,30/07/2024,13/07/2024,Jul-24,2
864,963,0,30/07/2024,,Jul-24,2
865,964,1055.66,30/07/2024,20/07/2024,Jul-24,2
866,965,8767.94,30/07/2024,25/07/2024,Jul-24,2
867,966,0,30/07/2024,,Jul-24,2
868,967,3586.57,30/07/2024,12/07/2024,Jul-24,2
869,968,8892.61,30/07/2024,27/07/2024,Jul-24,2
870,969,4153.67,30/07/2024,19/07/2024,Jul-24,2
871,970,6766.3,30/07/2024,28/07/2024,Jul-24,2
872,971,0,30/07/2024,,Jul-24,2
873,972,0,30/07/2024,,Jul-24,2
874,973,3463.07,30/07/2024,01/07/2024,Jul-24,2
875,974,8703.13,30/07/2024,29/07/2024,Jul-24,2
876,975,3468.85,30/07/2024,03/07/2024,Jul-24,2
877,976,0,30/07/2024,,Jul-24,2
878,977,6465.58,30/07/2024,30/07/2024,Jul-24,2
879,978,0,30/07/2024,,Jul-24,2
880,979,0,30/07/2024,,Jul-24,2
881,980,1742.99,30/07/2024,19/07/2024,Jul-24,2
882,981,987.72,30/07/2024,10/07/2024,Jul-24,2
883,982,0,30/07/2024,,Jul-24,2
884,983,3249.65,30/07/2024,09/07/2024,Jul-24,2
885,984,0,30/07/2024,,Jul-24,2
886,985,9835.18,30/07/2024,03/07/2024,Jul-24,2
887,986,147.18,30/07/2024,,Jul-24,2
888,987,6719.79,30/07/2024,04/07/2024,Jul-24,2
889,988,0,30/07/2024,,Jul-24,2
890,989,3819.7,30/07/2024,11/07/2024,Jul-24,2
891,990,0,30/07/2024,,Jul-24,2
892,991,0,30/07/2024,,Jul-24,2
893,992,2861.83,30/07/2024,25/07/2024,Jul-24,2
894,993,3377.41,30/07/2024,23/07/2024,Jul-24,2
895,994,4928.62,30/07/2024,29/07/2024,Jul-24,2
896,995,6022.4,30/07/2024,07/07/2024,Jul-24,2
897,996,5303.09,30/07/2024,04/07/2024,Jul-24,2
898,997,9269.6,30/07/2024,06/07/2024,Jul-24,2
899,998,5187.23,30/07/2024,21/07/2024,Jul-24,2
900,999,0,30/07/2024,,Jul-24,2
901,1000,5908.34,30/07/2024,21/07/2024,Jul-24,2
902,1,0,30/07/2024,,Jul-24,2
903,2,3176.55,30/07/2024,29/07/2024,Jul-24,2
904,3,1516.05,30/07/2024,28/07/2024,Jul-24,2
905,4,8167.78,30/07/2024,01/07/2024,Jul-24,2
906,5,0,30/07/2024,,Jul-24,2
907,6,0,30/07/2024,,Jul-24,2
908,7,0,30/07/2024,,Jul-24,2
909,8,2321.34,30/07/2024,17/07/2024,Jul-24,2
910,9,1618.28,30/07/2024,05/07/2024,Jul-24,2
911,10,382.97,30/07/2024,,Jul-24,2
912,11,650.19,30/07/2024,,Jul-24,2
913,12,0,30/07/2024,,Jul-24,2
914,13,0,30/07/2024,,Jul-24,2
915,14,0,30/07/2024,,Jul-24,2
916,15,7637.33,30/07/2024,03/07/2024,Jul-24,2
917,16,4999.39,30/07/2024,02/07/2024,Jul-24,2
918,17,0,30/07/2024,,Jul-24,2
919,18,7825.14,30/07/2024,04/07/2024,Jul-24,2
920,19,0,30/07/2024,,Jul-24,2
921,20,2308.61,30/07/2024,14/07/2024,Jul-24,2
922,21,0,30/07/2024,,Jul-24,2
923,22,1162.86,30/07/2024,02/07/2024,Jul-24,2
924,23,0,30/07/2024,,Jul-24,2
925,24,0,30/07/2024,,Jul-24,2
926,25,966.36,30/07/2024,09/07/2024,Jul-24,2
927,26,5635.99,30/07/2024,03/07/2024,Jul-24,2
928,27,0,30/07/2024,,Jul-24,2
929,28,323.97,30/07/2024,,Jul-24,2
930,29,0,30/07/2024,,Jul-24,2
931,30,0,30/07/2024,,Jul-24,2
932,31,636.48,30/07/2024,,Jul-24,2
933,32,0,30/07/2024,,Jul-24,2
934,33,2083.58,30/07/2024,25/07/2024,Jul-24,2
935,34,4536.72,30/07/2024,,Jul-24,2
936,35,0,30/07/2024,,Jul-24,2
937,36,5696.93,30/07/2024,11/07/2024,Jul-24,2
938,37,0,30/07/2024,,Jul-24,2
939,38,0,30/07/2024,,Jul-24,2
940,39,1254.16,30/07/2024,09/07/2024,Jul-24,2
941,40,3133.52,30/07/2024,25/07/2024,Jul-24,2
942,41,0,30/07/2024,,Jul-24,2
943,42,6340.02,30/07/2024,08/07/2024,Jul-24,2
944,43,6080.16,30/07/2024,18/07/2024,Jul-24,2
945,44,7907.11,30/07/2024,09/07/2024,Jul-24,2
946,45,0,30/07/2024,,Jul-24,2
947,46,5988.05,30/07/2024,03/07/2024,Jul-24,2
948,47,2853.95,30/07/2024,24/07/2024,Jul-24,2
949,48,0,30/07/2024,,Jul-24,2
950,49,2357.6,30/07/2024,19/07/2024,Jul-24,2
951,50,3466.1,30/07/2024,02/07/2024,Jul-24,2
952,51,4828.1,30/07/2024,19/07/2024,Jul-24,2
953,52,0,30/07/2024,,Jul-24,2
954,53,0,30/07/2024,,Jul-24,2
955,54,6038.94,30/07/2024,09/07/2024,Jul-24,2
956,55,548.92,30/07/2024,,Jul-24,2
957,56,836.12,30/07/2024,,Jul-24,2
958,57,0,30/07/2024,,Jul-24,2
959,58,5102.57,30/07/2024,13/07/2024,Jul-24,2
960,59,381.37,30/07/2024,,Jul-24,2
961,60,0,30/07/2024,,Jul-24,2
962,61,0,30/07/2024,,Jul-24,2
963,62,3983.51,30/07/2024,26/07/2024,Jul-24,2
964,63,725.45,30/07/2024,,Jul-24,2
965,64,0,30/07/2024,,Jul-24,2
966,65,0,30/07/2024,,Jul-24,2
967,66,7229.59,30/07/2024,12/07/2024,Jul-24,2
968,67,1063.95,30/07/2024,22/07/2024,Jul-24,2
969,68,930.6,30/07/2024,07/07/2024,Jul-24,2
970,69,0,30/07/2024,,Jul-24,2
971,70,7114.27,30/07/2024,13/07/2024,Jul-24,2
972,71,0,30/07/2024,,Jul-24,2
973,72,7317.61,30/07/2024,14/07/2024,Jul-24,2
974,73,0,30/07/2024,,Jul-24,2
975,74,2881.61,30/07/2024,26/07/2024,Jul-24,2
976,75,3154.76,30/07/2024,26/07/2024,Jul-24,2
977,76,5272.03,30/07/2024,01/07/2024,Jul-24,2
978,77,1109.11,30/07/2024,30/07/2024,Jul-24,2
979,78,2914.96,30/07/2024,29/07/2024,Jul-24,2
980,79,0,30/07/2024,,Jul-24,2
981,80,6316.32,30/07/2024,15/07/2024,Jul-24,2
982,81,0,30/07/2024,,Jul-24,2
983,82,0,30/07/2024,,Jul-24,2
984,83,0,30/07/2024,,Jul-24,2
985,84,561.59,30/07/2024,,Jul-24,2
986,85,0,30/07/2024,,Jul-24,2
987,86,7240.18,30/07/2024,17/07/2024,Jul-24,2
988,87,0,30/07/2024,,Jul-24,2
989,88,0,30/07/2024,,Jul-24,2
990,89,7593.8,30/07/2024,19/07/2024,Jul-24,2
991,90,4707.47,30/07/2024,07/07/2024,Jul-24,2
992,91,0,30/07/2024,,Jul-24,2
993,92,0,30/07/2024,,Jul-24,2
994,93,7282.93,30/07/2024,21/07/2024,Jul-24,2
995,94,3421.17,30/07/2024,25/07/2024,Jul-24,2
996,95,0,30/07/2024,,Jul-24,2
997,96,0,30/07/2024,,Jul-24,2
998,97,7515.29,30/07/2024,23/07/2024,Jul-24,2
999,98,4055,30/07/2024,02/07/2024,Jul-24,2
1000,99,0,30/07/2024,,Jul-24,2