usage_id,customer_id,service_type,data_used,minutes_used,usage_date
1,178,Broadband,245.03,2097,02/07/2024
2,594,Broadband,140.34,6506,29/07/2024
3,61,Mobile,703.56,1034,27/07/2024
4,670,Broadband,105.89,674,27/07/2024
5,632,Mobile,110.16,6355,09/07/2024
6,100,Broadband,361.26,3141,01/07/2024
7,706,Broadband,819.95,7143,30/07/2024
8,466,Broadband,458.81,2893,03/07/2024
9,853,Broadband,767.05,4831,24/07/2024
10,217,Mobile,45.23,2350,04/07/2024
11,543,Broadband,187.78,9828,06/07/2024
12,374,Broadband,354.97,7687,30/07/2024
13,562,Broadband,937.52,7871,18/07/2024
14,433,Mobile,636.72,5156,25/07/2024
15,171,Mobile,136.31,6175,21/07/2024
16,671,Mobile,996.66,3825,29/07/2024
17,153,Broadband,224.8,7883,01/07/2024
18,84,Mobile,156.26,327,07/07/2024
19,478,Broadband,829.42,7767,19/07/2024
20,185,Broadband,922.74,4690,16/07/2024
21,819,Mobile,944.89,6436,17/07/2024
22,669,Broadband,637.5,9620,28/07/2024
23,46,Mobile,283.42,2053,11/07/2024
24,333,Broadband,423.69,4104,19/07/2024
25,514,Broadband,38.42,9359,20/07/2024
26,425,Broadband,507.88,2717,17/07/2024
27,2,Mobile,34.01,9561,17/07/2024
28,447,Broadband,638.92,6523,12/07/2024
29,92,Broadband,685.64,4379,01/07/2024
30,24,Mobile,9.02,7938,13/07/2024
31,726,Mobile,905.03,9413,30/06/2024
32,153,Mobile,57.57,3099,03/07/2024
33,952,Mobile,384.02,6470,24/07/2024
34,896,Broadband,357.41,6186,11/07/2024
35,644,Mobile,823.45,4387,06/07/2024
36,484,Mobile,711.57,2062,27/07/2024
37,448,Broadband,981.65,1442,02/07/2024
38,630,Broadband,939.09,3075,25/07/2024
39,21,Mobile,793.85,9437,01/07/2024
40,783,Mobile,141.19,6838,27/07/2024
41,120,Mobile,34.83,7845,04/07/2024
42,42,Broadband,490.21,2079,11/07/2024
43,508,Mobile,380.18,5012,24/07/2024
44,257,Broadband,607.66,3235,15/07/2024
45,261,Broadband,324.3,8511,12/07/2024
46,252,Broadband,910.35,3082,08/07/2024
47,533,Mobile,888.14,2694,17/07/2024
48,479,Mobile,460.05,9239,10/07/2024
49,179,Mobile,308.9,2780,23/07/2024
50,496,Mobile,794.21,5466,06/07/2024
51,345,Broadband,339.71,7156,09/07/2024
52,37,Broadband,153.64,1423,04/07/2024
53,184,Broadband,462.2,3626,25/07/2024
54,333,Broadband,719.33,9132,26/07/2024
55,582,Broadband,828.65,3236,21/07/2024
56,110,Broadband,204.08,5912,27/07/2024
57,354,Mobile,121.51,9116,13/07/2024
58,242,Mobile,56.94,8276,18/07/2024
59,254,Mobile,43.27,2575,14/07/2024
60,986,Mobile,902.76,5708,16/07/2024
61,109,Mobile,384.59,2690,11/07/2024
62,648,Mobile,662.56,2955,22/07/2024
63,491,Broadband,289.4,9833,03/07/2024
64,613,Broadband,295.55,3227,19/07/2024
65,560,Mobile,542.24,8479,29/07/2024
66,966,Mobile,137.73,3004,24/07/2024
67,531,Broadband,561.49,4305,10/07/2024
68,851,Mobile,231.2,1667,23/07/2024
69,348,Broadband,683.23,50,16/07/2024
70,964,Broadband,962.71,3700,30/06/2024
71,567,Mobile,672.34,5866,07/07/2024
72,826,Mobile,582.14,3376,12/07/2024
73,137,Mobile,129.77,980,05/07/2024
74,233,Mobile,371.19,3834,03/07/2024
75,923,Mobile,739,6660,09/07/2024
76,474,Broadband,56.05,4398,13/07/2024
77,964,Broadband,530.2,9985,02/07/2024
78,786,Broadband,866.21,4636,19/07/2024
79,712,Mobile,976.7,685,19/07/2024
80,582,Mobile,535.32,3483,14/07/2024
81,186,Broadband,361.16,9917,09/07/2024
82,193,Mobile,230.87,8523,06/07/2024
83,784,Broadband,642.57,7459,23/07/2024
84,576,Mobile,975.47,3492,20/07/2024
85,427,Mobile,287.41,2546,10/07/2024
86,14,Mobile,448.61,9555,30/06/2024
87,974,Broadband,785.69,8718,06/07/2024
88,918,Mobile,841.32,6192,25/07/2024
89,493,Mobile,557.62,7157,23/07/2024
90,357,Broadband,390.27,8439,30/06/2024
91,816,Broadband,691.59,6508,13/07/2024
92,68,Broadband,84.92,8536,30/06/2024
93,580,Mobile,285.44,2423,21/07/2024
94,310,Mobile,932.5,4061,07/07/2024
95,621,Broadband,833.48,7240,11/07/2024
96,712,Mobile,292.35,5022,26/07/2024
97,872,Broadband,401.99,7504,14/07/2024
98,276,Broadband,277.42,9854,21/07/2024
99,331,Mobile,105.99,5715,07/07/2024
100,399,Mobile,473.46,2454,28/07/2024
101,163,Broadband,532.14,7960,18/07/2024
102,38,Broadband,638.86,1524,08/07/2024
103,911,Mobile,40.35,9131,05/07/2024
104,266,Broadband,914,2574,11/07/2024
105,394,Mobile,155.15,6743,11/07/2024
106,941,Mobile,41.08,72,17/07/2024
107,905,Broadband,688.18,9244,15/07/2024
108,132,Broadband,306.2,8528,22/07/2024
109,984,Broadband,399.28,229,06/07/2024
110,581,Broadband,839.21,7461,30/06/2024
111,757,Broadband,555.56,4689,16/07/2024
112,363,Broadband,329.04,1596,07/07/2024
113,902,Mobile,546.55,2909,18/07/2024
114,541,Mobile,888.21,9717,20/07/2024
115,704,Broadband,853.47,117,21/07/2024
116,610,Broadband,339.19,3202,29/07/2024
117,272,Mobile,97.39,9716,11/07/2024
118,65,Mobile,153.48,416,10/07/2024
119,514,Broadband,447.66,7527,03/07/2024
120,804,Broadband,512.38,4875,03/07/2024
121,46,Mobile,438.4,8133,12/07/2024
122,617,Mobile,519.66,3397,03/07/2024
123,688,Broadband,936.83,4062,27/07/2024
124,177,Broadband,900.65,6596,18/07/2024
125,401,Broadband,591.49,6865,09/07/2024
126,107,Broadband,145.94,204,26/07/2024
127,208,Mobile,66.22,5771,30/06/2024
128,772,Broadband,0.11,1323,05/07/2024
129,139,Mobile,622.57,8299,15/07/2024
130,511,Broadband,130.48,1372,25/07/2024
131,597,Broadband,565.25,5668,09/07/2024
132,865,Broadband,897.45,6054,16/07/2024
133,619,Mobile,381.66,8282,22/07/2024
134,145,Broadband,8.42,3959,09/07/2024
135,144,Mobile,375.21,3990,13/07/2024
136,13,Mobile,37.29,8662,11/07/2024
137,546,Mobile,436.78,927,07/07/2024
138,976,Broadband,677.94,2658,16/07/2024
139,170,Mobile,344.38,4268,15/07/2024
140,49,Broadband,74.08,7560,05/07/2024
141,782,Mobile,161.53,9182,02/07/2024
142,394,Broadband,237.84,2054,27/07/2024
143,636,Broadband,772.21,9864,06/07/2024
144,762,Mobile,406.74,9056,01/07/2024
145,719,Mobile,7.08,1936,30/06/2024
146,903,Mobile,630.76,6964,05/07/2024
147,922,Mobile,689.52,8473,29/07/2024
148,344,Broadband,225.37,9814,12/07/2024
149,494,Broadband,379.62,2251,05/07/2024
150,930,Mobile,261.89,9148,03/07/2024
151,108,Broadband,457.33,7433,27/07/2024
152,884,Broadband,208.37,9684,15/07/2024
153,245,Broadband,582,1325,02/07/2024
154,710,Broadband,556.1,8874,28/07/2024
155,833,Broadband,313.82,6940,21/07/2024
156,698,Mobile,589.83,4182,30/06/2024
157,107,Broadband,54.35,7783,16/07/2024
158,410,Mobile,309.03,7225,02/07/2024
159,485,Broadband,963.94,660,20/07/2024
160,584,Broadband,891.73,9748,12/07/2024
161,462,Broadband,644.49,9541,10/07/2024
162,789,Mobile,52.39,1984,09/07/2024
163,697,Mobile,480.43,5645,17/07/2024
164,329,Mobile,638.56,415,29/07/2024
165,285,Mobile,942.23,1330,10/07/2024
166,990,Broadband,794.81,7019,22/07/2024
167,202,Mobile,588.45,8962,07/07/2024
168,647,Broadband,432.36,1995,13/07/2024
169,137,Broadband,794.48,9350,20/07/2024
170,48,Broadband,491.49,5753,03/07/2024
171,293,Mobile,450.46,7681,06/07/2024
172,644,Mobile,555.91,6059,06/07/2024
173,967,Mobile,789.35,6258,25/07/2024
174,712,Mobile,339.71,2454,20/07/2024
175,636,Broadband,303.74,5239,04/07/2024
176,422,Mobile,986.92,9833,25/07/2024
177,273,Broadband,111.93,4358,18/07/2024
178,241,Broadband,48.21,9732,24/07/2024
179,970,Broadband,690.64,1385,12/07/2024
180,388,Mobile,218.18,2860,29/07/2024
181,929,Mobile,210.38,9251,16/07/2024
182,504,Mobile,621.82,6781,01/07/2024
183,161,Mobile,25.94,5605,14/07/2024
184,759,Mobile,431.72,79,30/07/2024
185,399,Mobile,261.94,8024,28/07/2024
186,671,Mobile,47.94,5870,09/07/2024
187,710,Mobile,763.03,4441,16/07/2024
188,574,Broadband,393.65,5106,04/07/2024
189,9,Mobile,387.82,3814,02/07/2024
190,910,Broadband,117.35,4572,30/07/2024
191,87,Mobile,781.62,9320,19/07/2024
192,431,Mobile,636.39,5778,22/07/2024
193,891,Broadband,151.58,2748,14/07/2024
194,587,Broadband,575.27,2796,12/07/2024
195,698,Broadband,903.94,2977,03/07/2024
196,85,Broadband,668.93,8026,22/07/2024
197,913,Mobile,121.19,3829,24/07/2024
198,316,Broadband,86.39,2330,09/07/2024
199,136,Broadband,804.49,2528,22/07/2024
200,309,Broadband,171.13,4725,23/07/2024
201,353,Broadband,42.21,9085,22/07/2024
202,538,Mobile,749.23,5269,11/07/2024
203,13,Broadband,961.01,6946,16/07/2024
204,998,Broadband,103.92,7913,14/07/2024
205,274,Mobile,157.29,9074,30/07/2024
206,975,Broadband,420.9,16,21/07/2024
207,649,Broadband,54.68,3593,23/07/2024
208,169,Broadband,664.16,1759,14/07/2024
209,632,Broadband,727.83,3061,14/07/2024
210,919,Broadband,70.71,3767,20/07/2024
211,563,Mobile,870.07,8089,20/07/2024
212,484,Mobile,830.4,6992,08/07/2024
213,510,Mobile,73.5,7658,21/07/2024
214,999,Mobile,104.4,7353,21/07/2024
215,382,Mobile,493.19,5294,19/07/2024
216,364,Broadband,483.1,580,12/07/2024
217,619,Broadband,590.22,7097,01/07/2024
218,951,Broadband,997.56,7509,08/07/2024
219,244,Broadband,83.72,6494,22/07/2024
220,954,Mobile,559.74,6259,16/07/2024
221,762,Mobile,133.24,2503,25/07/2024
222,929,Broadband,670.24,1116,03/07/2024
223,839,Broadband,764.91,4599,11/07/2024
224,56,Broadband,923.56,1146,30/06/2024
225,310,Mobile,397.81,4270,12/07/2024
226,800,Mobile,259.11,4720,26/07/2024
227,486,Broadband,212.75,358,03/07/2024
228,189,Mobile,780.35,3601,24/07/2024
229,292,Mobile,784.08,9851,30/07/2024
230,264,Broadband,928.2,4425,24/07/2024
231,916,Mobile,836.81,7670,02/07/2024
232,637,Broadband,200.7,8444,16/07/2024
233,109,Mobile,472.77,9639,16/07/2024
234,389,Mobile,816.62,1661,04/07/2024
235,26,Broadband,19.32,5241,07/07/2024
236,90,Broadband,198.28,8308,18/07/2024
237,28,Mobile,328.87,8285,29/07/2024
238,130,Mobile,492.75,7355,02/07/2024
239,84,Mobile,357.28,7968,30/06/2024
240,71,Broadband,992.59,2631,28/07/2024
241,457,Mobile,40.73,8847,15/07/2024
242,468,Mobile,101.42,879,13/07/2024
243,96,Mobile,983.93,5783,25/07/2024
244,398,Broadband,537.86,6457,14/07/2024
245,873,Mobile,590.84,490,30/07/2024
246,629,Mobile,576.87,2191,09/07/2024
247,712,Broadband,152.34,3434,25/07/2024
248,500,Mobile,269.73,7351,03/07/2024
249,585,Mobile,626.1,8579,27/07/2024
250,902,Mobile,581.56,7839,15/07/2024
251,67,Broadband,646.85,1841,11/07/2024
252,116,Broadband,477.91,7622,08/07/2024
253,249,Mobile,531.32,6100,30/06/2024
254,582,Mobile,452.92,9639,27/07/2024
255,438,Mobile,181.54,5943,03/07/2024
256,289,Mobile,375.42,4146,15/07/2024
257,643,Broadband,834.39,739,02/07/2024
258,181,Mobile,618.76,1361,24/07/2024
259,368,Mobile,31.28,439,01/07/2024
260,46,Broadband,309.38,1958,28/07/2024
261,313,Mobile,672.43,7042,25/07/2024
262,700,Broadband,528.02,4619,30/07/2024
263,736,Mobile,571.98,8012,14/07/2024
264,861,Broadband,198.82,1771,25/07/2024
265,84,Mobile,615.79,5509,16/07/2024
266,62,Broadband,345.55,7380,28/07/2024
267,874,Mobile,309.56,4218,25/07/2024
268,869,Broadband,774.63,4592,29/07/2024
269,553,Mobile,239.49,457,17/07/2024
270,509,Broadband,658.59,9094,19/07/2024
271,628,Mobile,413.45,2288,22/07/2024
272,316,Broadband,389.04,9278,30/07/2024
273,169,Broadband,278.06,7561,08/07/2024
274,773,Broadband,493.24,9133,13/07/2024
275,659,Broadband,885.75,8434,06/07/2024
276,890,Broadband,862.42,5966,27/07/2024
277,466,Broadband,480.67,6424,27/07/2024
278,105,Mobile,358.95,2348,30/07/2024
279,450,Broadband,443.67,296,24/07/2024
280,546,Mobile,376.01,5931,30/07/2024
281,200,Mobile,527.02,6163,24/07/2024
282,356,Broadband,68.27,8522,07/07/2024
283,207,Broadband,194.15,9331,16/07/2024
284,104,Mobile,642.36,5749,24/07/2024
285,290,Broadband,987.79,6841,06/07/2024
286,810,Mobile,590.09,8661,04/07/2024
287,262,Mobile,645.87,9819,30/07/2024
288,477,Broadband,50.43,1976,23/07/2024
289,815,Broadband,185.68,1173,10/07/2024
290,105,Broadband,64.61,9624,12/07/2024
291,965,Mobile,63.59,5744,10/07/2024
292,585,Mobile,644.04,7747,30/07/2024
293,745,Broadband,678.37,8983,22/07/2024
294,189,Broadband,584.32,8744,15/07/2024
295,301,Mobile,313.85,2657,05/07/2024
296,716,Mobile,396.81,5554,30/06/2024
297,404,Mobile,709.59,2345,04/07/2024
298,341,Mobile,510.7,5235,06/07/2024
299,205,Mobile,519.58,9607,15/07/2024
300,648,Broadband,972.02,873,03/07/2024
301,754,Mobile,556.17,9438,22/07/2024
302,968,Broadband,681.62,7339,19/07/2024
303,553,Mobile,131.44,6953,07/07/2024
304,528,Mobile,921.37,9147,14/07/2024
305,75,Mobile,931.83,1871,18/07/2024
306,413,Broadband,408.2,3926,14/07/2024
307,5,Broadband,957.19,4737,20/07/2024
308,638,Mobile,632.79,5456,03/07/2024
309,741,Mobile,630,9273,06/07/2024
310,647,Broadband,656.56,258,05/07/2024
311,489,Broadband,346.62,5079,23/07/2024
312,162,Mobile,757.85,7117,26/07/2024
313,636,Broadband,738.79,6817,04/07/2024
314,197,Mobile,547.25,954,25/07/2024
315,509,Mobile,426.63,4666,08/07/2024
316,864,Mobile,122.3,8378,09/07/2024
317,951,Broadband,396.56,4398,05/07/2024
318,775,Broadband,499.61,8853,15/07/2024
319,377,Broadband,15.06,5190,07/07/2024
320,715,Mobile,815.59,1928,02/07/2024
321,937,Broadband,169.21,2344,12/07/2024
322,316,Mobile,770.54,9590,14/07/2024
323,174,Broadband,854.67,2071,10/07/2024
324,4,Mobile,381.03,3243,02/07/2024
325,212,Mobile,437.14,378,26/07/2024
326,344,Broadband,99.74,9496,23/07/2024
327,27,Mobile,842.16,372,21/07/2024
328,827,Broadband,245.97,4501,20/07/2024
329,239,Mobile,466.56,1742,07/07/2024
330,660,Broadband,692.61,2017,20/07/2024
331,175,Broadband,184.99,7281,24/07/2024
332,99,Broadband,499.42,1401,18/07/2024
333,840,Broadband,566.01,2083,11/07/2024
334,973,Mobile,638.03,3085,15/07/2024
335,128,Broadband,460.42,5470,27/07/2024
336,187,Mobile,337.95,4807,09/07/2024
337,874,Mobile,483.28,4575,07/07/2024
338,368,Broadband,67.07,8295,28/07/2024
339,1,Broadband,647.61,5076,13/07/2024
340,173,Broadband,127.17,9095,15/07/2024
341,612,Broadband,295.5,2198,22/07/2024
342,988,Broadband,354.27,719,04/07/2024
343,153,Mobile,125.83,4005,26/07/2024
344,79,Broadband,920.84,1736,13/07/2024
345,209,Mobile,39.53,6042,17/07/2024
346,282,Broadband,603.74,602,11/07/2024
347,210,Broadband,414.63,50,24/07/2024
348,889,Mobile,561.04,453,23/07/2024
349,517,Broadband,777.88,2339,25/07/2024
350,750,Mobile,612.05,2513,13/07/2024
351,711,Broadband,398.27,401,25/07/2024
352,78,Broadband,900.02,4256,16/07/2024
353,752,Broadband,23.32,4948,20/07/2024
354,884,Broadband,95.8,6564,22/07/2024
355,720,Mobile,159.82,8344,12/07/2024
356,369,Mobile,581.47,4102,09/07/2024
357,448,Mobile,763.67,2248,22/07/2024
358,968,Mobile,674.87,5429,04/07/2024
359,290,Mobile,38.78,2157,13/07/2024
360,60,Broadband,929.04,250,21/07/2024
361,107,Broadband,268.63,2478,03/07/2024
362,347,Broadband,382.45,9213,02/07/2024
363,597,Mobile,193.32,5795,23/07/2024
364,63,Broadband,425.73,2694,08/07/2024
365,13,Broadband,822.19,5281,07/07/2024
366,209,Mobile,583.75,2710,24/07/2024
367,98,Mobile,972.25,7532,25/07/2024
368,388,Broadband,869.34,3677,18/07/2024
369,985,Broadband,171.92,8589,30/06/2024
370,544,Broadband,390.45,2824,09/07/2024
371,550,Mobile,25.54,8703,04/07/2024
372,637,Mobile,2.68,1975,05/07/2024
373,558,Mobile,936.58,3742,10/07/2024
374,950,Broadband,980.86,8965,13/07/2024
375,604,Mobile,629.07,1160,27/07/2024
376,139,Broadband,609.39,467,12/07/2024
377,774,Mobile,881.16,4408,09/07/2024
378,625,Mobile,923.78,1627,04/07/2024
379,870,Broadband,842.68,4564,30/06/2024
380,547,Broadband,81.24,4767,23/07/2024
381,438,Broadband,839.95,880,18/07/2024
382,658,Broadband,212.08,2324,27/07/2024
383,310,Broadband,946.48,9897,30/06/2024
384,969,Broadband,378.83,9987,21/07/2024
385,422,Broadband,64.54,1750,30/06/2024
386,211,Mobile,224.98,9594,29/07/2024
387,902,Broadband,969.14,158,19/07/2024
388,98,Mobile,78.25,5559,04/07/2024
389,100,Broadband,719.65,8460,18/07/2024
390,155,Mobile,815.8,5004,15/07/2024
391,611,Broadband,780.07,4118,30/06/2024
392,933,Broadband,889.55,1008,20/07/2024
393,482,Mobile,946.9,3708,26/07/2024
394,558,Mobile,246.2,7439,13/07/2024
395,294,Mobile,435.22,6116,30/06/2024
396,674,Mobile,177.64,456,12/07/2024
397,71,Mobile,165.26,7429,19/07/2024
398,221,Mobile,667.65,2125,06/07/2024
399,262,Broadband,88.53,5801,23/07/2024
400,529,Mobile,732.27,4438,06/07/2024
401,25,Broadband,728.68,4496,21/07/2024
402,111,Broadband,448.1,7864,17/07/2024
403,393,Broadband,598.9,4796,25/07/2024
404,728,Mobile,798.25,8747,17/07/2024
405,524,Broadband,599.25,739,03/07/2024
406,509,Broadband,849.38,1550,16/07/2024
407,861,Broadband,927.96,9769,05/07/2024
408,797,Mobile,971.25,7044,26/07/2024
409,782,Mobile,986.58,7001,28/07/2024
410,157,Mobile,673.7,1295,28/07/2024
411,329,Mobile,695.31,974,18/07/2024
412,104,Broadband,801.98,7239,23/07/2024
413,459,Broadband,713.82,1321,30/07/2024
414,607,Broadband,202.1,7007,03/07/2024
415,43,Broadband,565.72,3104,05/07/2024
416,310,Mobile,775.08,5172,02/07/2024
417,646,Mobile,356.15,4796,26/07/2024
418,165,Mobile,965.81,6734,22/07/2024
419,798,Mobile,679.37,7441,26/07/2024
420,445,Broadband,425.33,4526,30/06/2024
421,850,Mobile,937.78,3272,01/07/2024
422,677,Mobile,844.65,4115,02/07/2024
423,581,Mobile,830.14,3102,08/07/2024
424,671,Broadband,961.31,1386,09/07/2024
425,894,Broadband,814.38,9609,14/07/2024
426,792,Mobile,206.34,3705,13/07/2024
427,146,Broadband,825.69,7865,22/07/2024
428,725,Broadband,512.5,8141,08/07/2024
429,965,Mobile,311.33,9532,18/07/2024
430,532,Mobile,950.22,8420,15/07/2024
431,176,Mobile,498.42,9150,11/07/2024
432,719,Mobile,128.03,5176,22/07/2024
433,696,Broadband,351.73,8366,26/07/2024
434,239,Broadband,77.54,5966,01/07/2024
435,716,Mobile,618.65,805,27/07/2024
436,902,Mobile,727.09,1131,25/07/2024
437,180,Broadband,948.06,114,05/07/2024
438,372,Mobile,398.93,4361,14/07/2024
439,864,Broadband,673.23,5534,01/07/2024
440,773,Broadband,83.26,940,13/07/2024
441,248,Mobile,712.32,8159,01/07/2024
442,682,Mobile,890.49,346,18/07/2024
443,94,Broadband,9.49,121,01/07/2024
444,709,Mobile,610.74,9427,29/07/2024
445,883,Broadband,218.58,6993,27/07/2024
446,214,Broadband,53.74,3567,28/07/2024
447,284,Mobile,780.84,7928,07/07/2024
448,126,Mobile,502.85,258,29/07/2024
449,121,Mobile,692.47,6965,28/07/2024
450,45,Mobile,938.4,1491,27/07/2024
451,36,Mobile,649.11,7086,24/07/2024
452,829,Mobile,198.77,6658,10/07/2024
453,239,Mobile,729.24,7030,19/07/2024
454,866,Broadband,892.43,8869,07/07/2024
455,848,Mobile,40.4,3429,24/07/2024
456,287,Broadband,611.99,5354,15/07/2024
457,932,Broadband,624.82,483,23/07/2024
458,886,Mobile,752.14,7044,27/07/2024
459,701,Broadband,400.11,9023,17/07/2024
460,270,Mobile,591.73,4502,15/07/2024
461,322,Mobile,466.42,3269,25/07/2024
462,174,Mobile,303.38,4173,15/07/2024
463,431,Broadband,601.54,1859,04/07/2024
464,111,Mobile,37.91,4765,20/07/2024
465,858,Broadband,87.38,3229,30/07/2024
466,970,Mobile,356.55,611,14/07/2024
467,913,Broadband,212.34,9331,30/07/2024
468,967,Broadband,675.57,4343,20/07/2024
469,366,Mobile,173.92,802,01/07/2024
470,695,Mobile,977.12,2365,07/07/2024
471,440,Broadband,446.98,4148,24/07/2024
472,499,Mobile,52.41,6677,30/06/2024
473,876,Broadband,971.96,2377,04/07/2024
474,108,Mobile,160.3,2974,20/07/2024
475,237,Mobile,695.4,1159,20/07/2024
476,777,Mobile,52.83,9840,18/07/2024
477,71,Broadband,891.88,334,11/07/2024
478,873,Mobile,139.9,2564,09/07/2024
479,146,Mobile,357.24,8599,30/07/2024
480,115,Mobile,694.27,9769,19/07/2024
481,960,Broadband,656.41,5621,27/07/2024
482,74,Mobile,661.3,3277,17/07/2024
483,927,Broadband,898.54,601,07/07/2024
484,76,Broadband,944.69,2655,28/07/2024
485,819,Mobile,307.76,5731,08/07/2024
486,207,Mobile,811.19,1746,14/07/2024
487,246,Broadband,249.97,9614,03/07/2024
488,20,Broadband,544.75,5316,02/07/2024
489,667,Broadband,946.36,7255,17/07/2024
490,15,Mobile,884.16,5009,17/07/2024
491,439,Mobile,864.59,6616,26/07/2024
492,810,Broadband,428.35,418,12/07/2024
493,28,Broadband,721.37,8765,24/07/2024
494,213,Broadband,707.78,7093,22/07/2024
495,129,Mobile,524.43,774,05/07/2024
496,899,Mobile,540.52,2471,28/07/2024
497,123,Broadband,911.87,995,22/07/2024
498,211,Broadband,438.66,222,28/07/2024
499,430,Mobile,365.83,3518,03/07/2024
500,871,Broadband,933.68,5088,18/07/2024
501,814,Broadband,423.86,1711,29/07/2024
502,22,Broadband,625.13,7429,17/07/2024
503,925,Mobile,2.76,4363,30/06/2024
504,905,Mobile,572.76,7369,23/07/2024
505,615,Mobile,708.27,3314,19/07/2024
506,689,Broadband,613.89,6664,25/07/2024
507,988,Broadband,366.57,4105,18/07/2024
508,265,Mobile,248.12,1754,18/07/2024
509,201,Broadband,519.71,8369,07/07/2024
510,893,Mobile,206.75,4114,21/07/2024
511,801,Mobile,971.52,3335,30/07/2024
512,787,Mobile,558.57,8297,28/07/2024
513,256,Broadband,22.34,9346,10/07/2024
514,211,Mobile,82.31,1832,14/07/2024
515,496,Broadband,136.6,9945,11/07/2024
516,227,Broadband,114.6,840,29/07/2024
517,405,Broadband,932.31,6855,19/07/2024
518,234,Broadband,34.77,611,16/07/2024
519,207,Mobile,977.06,9368,25/07/2024
520,131,Broadband,603.1,8975,15/07/2024
521,218,Broadband,937.69,9570,09/07/2024
522,454,Broadband,895.66,8146,23/07/2024
523,417,Mobile,279.3,2633,25/07/2024
524,549,Mobile,869.85,1198,02/07/2024
525,672,Mobile,650.75,6001,11/07/2024
526,506,Mobile,832.99,4000,23/07/2024
527,680,Mobile,862.41,2866,28/07/2024
528,23,Mobile,302.7,5059,10/07/2024
529,953,Mobile,609.86,2309,25/07/2024
530,290,Broadband,692.69,4714,08/07/2024
531,921,Broadband,981.04,9654,01/07/2024
532,842,Broadband,450.88,6769,21/07/2024
533,750,Broadband,295.23,6272,14/07/2024
534,1000,Broadband,539.89,1327,19/07/2024
535,380,Mobile,766.24,6428,07/07/2024
536,338,Mobile,412.76,7906,08/07/2024
537,420,Broadband,270.19,3436,28/07/2024
538,963,Broadband,945.31,4413,14/07/2024
539,617,Mobile,674.54,1793,26/07/2024
540,341,Mobile,265.1,7878,06/07/2024
541,520,Broadband,638.28,177,17/07/2024
542,743,Mobile,837.01,4660,29/07/2024
543,964,Mobile,969.9,5235,01/07/2024
544,224,Broadband,914.93,7707,09/07/2024
545,993,Mobile,170.04,2494,09/07/2024
546,347,Mobile,12.61,748,12/07/2024
547,21,Mobile,769.87,7008,11/07/2024
548,693,Mobile,853.54,5448,10/07/2024
549,798,Broadband,142.72,9198,21/07/2024
550,612,Broadband,583.45,7473,30/06/2024
551,237,Mobile,252.16,7978,24/07/2024
552,505,Broadband,923.49,4127,06/07/2024
553,840,Broadband,497.7,2049,22/07/2024
554,641,Broadband,275.38,736,26/07/2024
555,767,Broadband,265.45,393,15/07/2024
556,544,Mobile,225.77,3122,10/07/2024
557,706,Broadband,940.06,9782,26/07/2024
558,361,Broadband,525.18,216,19/07/2024
559,223,Broadband,221.72,8543,04/07/2024
560,772,Broadband,643.64,5862,04/07/2024
561,777,Mobile,298.42,7535,30/07/2024
562,912,Mobile,916.63,6528,29/07/2024
563,266,Broadband,120.2,2304,27/07/2024
564,162,Mobile,129.39,6474,10/07/2024
565,739,Broadband,666.14,2457,03/07/2024
566,60,Broadband,364.21,4971,23/07/2024
567,429,Broadband,720.06,9637,14/07/2024
568,462,Broadband,848.6,151,19/07/2024
569,171,Broadband,633.2,893,18/07/2024
570,237,Broadband,755.5,6577,10/07/2024
571,603,Mobile,823.14,5245,27/07/2024
572,231,Broadband,998.62,7578,06/07/2024
573,983,Broadband,568.61,8407,19/07/2024
574,211,Broadband,443.18,169,19/07/2024
575,432,Mobile,541.09,2110,14/07/2024
576,805,Broadband,138.64,1617,08/07/2024
577,129,Mobile,591.63,6507,14/07/2024
578,879,Mobile,8.35,6597,18/07/2024
579,616,Broadband,528.54,4837,14/07/2024
580,858,Mobile,387.67,8973,01/07/2024
581,452,Mobile,103.04,8955,16/07/2024
582,814,Mobile,506.01,5422,17/07/2024
583,210,Mobile,525.17,5488,26/07/2024
584,307,Broadband,523.04,3039,20/07/2024
585,622,Broadband,992.58,8151,13/07/2024
586,600,Mobile,692.62,7649,21/07/2024
587,182,Broadband,98.36,4296,07/07/2024
588,638,Broadband,619.87,3807,01/07/2024
589,855,Broadband,877.85,9438,13/07/2024
590,780,Broadband,598.19,1056,06/07/2024
591,718,Mobile,987.84,7167,23/07/2024
592,353,Mobile,545.24,8994,08/07/2024
593,908,Broadband,926.8,6599,17/07/2024
594,41,Broadband,922.81,5420,11/07/2024
595,110,Mobile,40.27,222,12/07/2024
596,635,Broadband,977.72,8090,04/07/2024
597,627,Mobile,985.14,9102,12/07/2024
598,449,Mobile,66.17,2881,26/07/2024
599,348,Mobile,627.09,856,28/07/2024
600,573,Broadband,958.18,9671,15/07/2024
601,499,Mobile,914.98,2113,05/07/2024
602,252,Mobile,89.82,6237,13/07/2024
603,982,Broadband,480.38,8703,04/07/2024
604,426,Mobile,163.98,260,02/07/2024
605,936,Mobile,865.25,7104,30/06/2024
606,99,Broadband,727.32,8569,15/07/2024
607,551,Broadband,978.43,4432,09/07/2024
608,77,Broadband,115.89,1276,20/07/2024
609,235,Broadband,79.51,9416,11/07/2024
610,489,Broadband,250.59,499,12/07/2024
611,537,Mobile,43.53,5878,01/07/2024
612,877,Mobile,208.35,367,09/07/2024
613,250,Mobile,202.4,1840,23/07/2024
614,818,Mobile,639.27,9044,21/07/2024
615,958,Broadband,688.2,9082,28/07/2024
616,124,Mobile,269.63,8367,14/07/2024
617,300,Broadband,985.07,4287,05/07/2024
618,698,Broadband,798.89,7472,27/07/2024
619,916,Broadband,227.64,9895,30/06/2024
620,37,Mobile,96.63,8866,05/07/2024
621,638,Broadband,638.32,7242,14/07/2024
622,820,Mobile,241.1,8505,24/07/2024
623,480,Broadband,917.29,7124,14/07/2024
624,122,Mobile,610.42,902,23/07/2024
625,718,Broadband,722.13,7635,10/07/2024
626,809,Mobile,432.25,7437,23/07/2024
627,108,Broadband,912.93,3391,06/07/2024
628,750,Mobile,697.44,9353,29/07/2024
629,662,Mobile,204.99,7459,30/06/2024
630,571,Mobile,375.61,4381,21/07/2024
631,295,Broadband,293.26,1241,25/07/2024
632,544,Broadband,763.37,1425,10/07/2024
633,293,Mobile,323.18,7929,29/07/2024
634,358,Broadband,866.22,2696,07/07/2024
635,906,Mobile,72.92,9111,26/07/2024
636,468,Mobile,767.33,5920,30/06/2024
637,912,Broadband,545.58,2070,17/07/2024
638,867,Broadband,754.72,4147,11/07/2024
639,50,Mobile,938.28,7415,22/07/2024
640,302,Broadband,606.9,7158,02/07/2024
641,373,Mobile,281.18,9482,24/07/2024
642,826,Mobile,677.55,1209,29/07/2024
643,713,Broadband,773.21,4898,23/07/2024
644,330,Mobile,229.28,6101,27/07/2024
645,420,Broadband,47.51,7324,08/07/2024
646,846,Mobile,204.23,6507,25/07/2024
647,81,Broadband,510.73,7360,05/07/2024
648,657,Broadband,383.32,2601,03/07/2024
649,124,Broadband,241.29,1222,05/07/2024
650,197,Broadband,222.97,5981,30/06/2024
651,193,Broadband,864.36,8248,22/07/2024
652,287,Broadband,592.06,9107,14/07/2024
653,234,Broadband,691.79,4603,20/07/2024
654,165,Broadband,287.37,8843,13/07/2024
655,296,Mobile,326.54,3492,08/07/2024
656,824,Mobile,464.03,2727,22/07/2024
657,233,Broadband,336.7,5612,22/07/2024
658,926,Mobile,236.61,3805,28/07/2024
659,985,Mobile,606.82,1728,06/07/2024
660,689,Mobile,650.87,4602,18/07/2024
661,366,Mobile,548.29,280,11/07/2024
662,64,Broadband,954.11,7618,15/07/2024
663,644,Broadband,695.6,7937,16/07/2024
664,289,Mobile,539.06,7248,20/07/2024
665,182,Broadband,148.73,5653,30/07/2024
666,332,Broadband,806.52,4205,25/07/2024
667,780,Mobile,333.28,3417,07/07/2024
668,643,Mobile,260.35,5303,02/07/2024
669,344,Mobile,231.87,6125,27/07/2024
670,430,Broadband,595.47,2959,11/07/2024
671,722,Mobile,544.5,8384,24/07/2024
672,622,Broadband,2.28,4128,13/07/2024
673,444,Broadband,279.85,3357,09/07/2024
674,367,Broadband,79.69,5779,13/07/2024
675,854,Streaming,461.87,3917,29/07/2024
676,719,Streaming,490.44,1415,16/07/2024
677,216,Mobile,132.52,1164,10/07/2024
678,717,Streaming,334.54,2679,17/07/2024
679,280,Mobile,800.8,6404,09/07/2024
680,365,Streaming,765.38,4263,01/07/2024
681,83,Mobile,600.69,6234,24/07/2024
682,128,Streaming,978.82,7151,02/07/2024
683,63,Mobile,915.27,1908,30/06/2024
684,894,Streaming,17.76,7556,26/07/2024
685,440,Mobile,966.83,8518,24/07/2024
686,301,Mobile,563.1,9434,03/07/2024
687,660,Mobile,705.61,6327,11/07/2024
688,387,Streaming,269.26,9651,19/07/2024
689,388,Mobile,313.22,2575,16/07/2024
690,184,Mobile,335.66,1197,04/07/2024
691,918,Mobile,265.04,8296,11/07/2024
692,50,Mobile,915.03,5339,12/07/2024
693,995,Mobile,797.95,8277,29/07/2024
694,735,Streaming,93.71,3999,05/07/2024
695,780,Mobile,821.59,4813,09/07/2024
696,953,Streaming,213.84,8075,08/07/2024
697,169,Mobile,149.04,7202,12/07/2024
698,143,Mobile,519.92,8288,01/07/2024
699,333,Mobile,516.88,4110,05/07/2024
700,59,Streaming,417.1,1392,01/07/2024
701,429,Mobile,189.14,6975,02/07/2024
702,464,Streaming,801.98,4877,09/07/2024
703,251,Mobile,998.08,9419,22/07/2024
704,710,Mobile,149.02,8402,07/07/2024
705,891,Mobile,732.63,3763,08/07/2024
706,688,Mobile,93.66,1761,23/07/2024
707,888,Mobile,912.18,9521,16/07/2024
708,782,Streaming,982.4,3579,04/07/2024
709,413,Mobile,566.34,5087,12/07/2024
710,943,Streaming,211.53,9477,13/07/2024
711,363,Streaming,317.44,8364,04/07/2024
712,300,Streaming,286.21,9594,19/07/2024
713,435,Streaming,916.98,1781,20/07/2024
714,541,Mobile,29.29,4166,04/07/2024
715,638,Streaming,379.15,1904,20/07/2024
716,690,Streaming,707.4,8158,26/07/2024
717,545,Mobile,582.09,9153,01/07/2024
718,667,Streaming,755.96,298,01/07/2024
719,681,Streaming,698.47,7911,09/07/2024
720,303,Streaming,582.1,1833,13/07/2024
721,137,Mobile,201.97,2687,13/07/2024
722,894,Streaming,185.45,4169,22/07/2024
723,5,Streaming,913.03,1656,25/07/2024
724,825,Streaming,22.58,9451,30/06/2024
725,79,Streaming,953.11,9596,07/07/2024
726,355,Streaming,501.16,3699,01/07/2024
727,938,Mobile,705.27,6688,06/07/2024
728,386,Mobile,511.64,2194,17/07/2024
729,119,Mobile,47.79,1387,03/07/2024
730,967,Streaming,453.54,6700,10/07/2024
731,461,Streaming,28.33,8236,16/07/2024
732,133,Mobile,324.53,3037,13/07/2024
733,215,Mobile,49.07,7913,30/06/2024
734,344,Streaming,163.63,9761,02/07/2024
735,264,Mobile,796.84,7950,16/07/2024
736,496,Mobile,799.04,1992,02/07/2024
737,709,Streaming,679.11,9765,20/07/2024
738,592,Streaming,78.1,2170,28/07/2024
739,285,Mobile,361.31,2868,01/07/2024
740,528,Streaming,39.85,5142,27/07/2024
741,779,Streaming,360.33,3062,04/07/2024
742,126,Mobile,6.86,3849,26/07/2024
743,385,Mobile,627.91,3388,13/07/2024
744,308,Mobile,25.39,4772,17/07/2024
745,464,Mobile,233.12,9357,29/07/2024
746,742,Mobile,783.68,1461,08/07/2024
747,281,Streaming,678.68,4776,08/07/2024
748,925,Streaming,673.53,8814,19/07/2024
749,819,Streaming,26.65,4427,18/07/2024
750,891,Mobile,601.81,6151,23/07/2024
751,201,Mobile,571.54,317,08/07/2024
752,431,Mobile,680.86,5625,19/07/2024
753,701,Mobile,168.91,8173,30/07/2024
754,38,Mobile,907.11,2168,21/07/2024
755,989,Streaming,628.2,1312,12/07/2024
756,493,Streaming,523.96,4846,29/07/2024
757,976,Mobile,27.4,7637,30/07/2024
758,95,Streaming,624.29,8410,03/07/2024
759,586,Mobile,434.91,9085,05/07/2024
760,639,Streaming,369.1,7098,02/07/2024
761,140,Mobile,100.11,8801,06/07/2024
762,243,Streaming,850.37,7515,08/07/2024
763,352,Mobile,502.21,2702,15/07/2024
764,284,Streaming,267.29,5383,07/07/2024
765,744,Streaming,511.32,2248,02/07/2024
766,738,Mobile,991.06,8004,15/07/2024
767,807,Streaming,896.59,3517,05/07/2024
768,336,Mobile,348.98,3322,15/07/2024
769,642,Mobile,442.74,1308,10/07/2024
770,544,Streaming,955.51,5278,17/07/2024
771,891,Streaming,405.14,9724,20/07/2024
772,742,Streaming,586.17,3665,13/07/2024
773,781,Mobile,598.47,6946,19/07/2024
774,308,Streaming,55.97,9151,26/07/2024
775,832,Streaming,297.51,9261,22/07/2024
776,123,Streaming,210.31,950,07/07/2024
777,609,Mobile,45.15,543,14/07/2024
778,480,Mobile,850.44,6841,05/07/2024
779,851,Streaming,275.66,4658,23/07/2024
780,408,Streaming,888.72,8713,13/07/2024
781,898,Streaming,47.58,669,12/07/2024
782,71,Streaming,988.33,2739,27/07/2024
783,229,Mobile,914.29,6131,28/07/2024
784,920,Streaming,790.3,3091,29/07/2024
785,567,Streaming,762.91,9365,08/07/2024
786,251,Streaming,449.29,315,04/07/2024
787,880,Streaming,238.2,2274,12/07/2024
788,237,Streaming,724.14,4724,10/07/2024
789,763,Mobile,286.09,7108,14/07/2024
790,478,Mobile,28.76,2384,01/07/2024
791,63,Streaming,498.32,534,02/07/2024
792,795,Mobile,546.41,3455,30/07/2024
793,506,Streaming,844.78,5551,16/07/2024
794,421,Mobile,497.46,7508,19/07/2024
795,493,Streaming,768.32,8531,01/07/2024
796,21,Streaming,149.32,4799,10/07/2024
797,136,Mobile,129.72,9732,18/07/2024
798,7,Streaming,140.59,1608,03/07/2024
799,124,Mobile,158.62,6281,08/07/2024
800,778,Mobile,210.14,3889,26/07/2024
801,164,Mobile,546.92,3250,20/07/2024
802,89,Mobile,894.06,8018,06/07/2024
803,477,Mobile,490.98,5229,10/07/2024
804,147,Streaming,880.42,463,28/07/2024
805,2,Streaming,317.97,8249,22/07/2024
806,458,Mobile,723.71,9786,26/07/2024
807,729,Streaming,150.04,2784,18/07/2024
808,809,Mobile,759.1,2438,03/07/2024
809,47,Streaming,16.14,5068,28/07/2024
810,905,Streaming,453.17,7258,24/07/2024
811,381,Streaming,774.57,1014,16/07/2024
812,277,Streaming,310.46,4771,08/07/2024
813,370,Mobile,618.92,2156,20/07/2024
814,324,Streaming,255.46,6614,03/07/2024
815,322,Mobile,891.6,2879,21/07/2024
816,49,Streaming,167.96,5076,20/07/2024
817,937,Streaming,173.06,8594,21/07/2024
818,643,Mobile,87.67,8500,28/07/2024
819,177,Mobile,792.22,4571,29/07/2024
820,952,Streaming,507.35,2567,20/07/2024
821,401,Streaming,637.14,7119,15/07/2024
822,51,Mobile,380.36,2106,09/07/2024
823,792,Mobile,232.03,1562,30/06/2024
824,914,Mobile,594.61,1293,03/07/2024
825,471,Streaming,157.75,8754,02/07/2024
826,76,Mobile,498.29,7123,26/07/2024
827,801,Streaming,117.87,899,27/07/2024
828,811,Mobile,794.47,4244,05/07/2024
829,897,Mobile,366.16,4389,02/07/2024
830,778,Mobile,665.18,4004,24/07/2024
831,884,Mobile,992.03,4410,29/07/2024
832,938,Streaming,817.32,8903,10/07/2024
833,223,Mobile,139.58,3439,08/07/2024
834,970,Streaming,571.08,445,15/07/2024
835,418,Mobile,653.19,1626,21/07/2024
836,999,Streaming,498.01,5320,06/07/2024
837,887,Mobile,204.26,8847,27/07/2024
838,188,Streaming,313.46,1301,06/07/2024
839,71,Streaming,977.18,8844,23/07/2024
840,600,Mobile,130.92,3187,22/07/2024
841,844,Streaming,256.32,1108,11/07/2024
842,334,Mobile,509.61,7041,21/07/2024
843,195,Streaming,83.54,3723,05/07/2024
844,597,Streaming,529.99,9311,21/07/2024
845,571,Streaming,932.63,857,23/07/2024
846,102,Streaming,459.89,9245,30/06/2024
847,726,Mobile,261.81,5040,06/07/2024
848,213,Mobile,560.42,3737,18/07/2024
849,397,Streaming,240.84,7894,19/07/2024
850,598,Mobile,137.17,8446,09/07/2024
851,936,Streaming,503.07,733,13/07/2024
852,722,Mobile,475.89,9436,06/07/2024
853,148,Streaming,280.91,2913,02/07/2024
854,298,Streaming,289.37,6765,06/07/2024
855,211,Streaming,613.35,4894,30/07/2024
856,437,Mobile,801.75,287,24/07/2024
857,810,Streaming,379.58,7747,27/07/2024
858,977,Streaming,165.35,1486,12/07/2024
859,255,Streaming,102.1,6726,17/07/2024
860,200,Mobile,463.46,4573,30/07/2024
861,554,Mobile,552.65,7087,11/07/2024
862,400,Streaming,811.13,1444,29/07/2024
863,469,Mobile,389.52,7889,17/07/2024
864,628,Streaming,993.95,207,12/07/2024
865,790,Streaming,538.34,7782,15/07/2024
866,847,Mobile,527.54,4489,12/07/2024
867,879,Streaming,918.83,4112,03/07/2024
868,891,Streaming,780.88,8182,25/07/2024
869,606,Mobile,782.61,4837,17/07/2024
870,468,Streaming,870.45,6942,24/07/2024
871,209,Mobile,910.63,5159,14/07/2024
872,762,Mobile,319.08,4138,14/07/2024
873,196,Mobile,919.41,7429,21/07/2024
874,550,Streaming,443.74,8802,18/07/2024
875,126,Streaming,700.08,6589,08/07/2024
876,574,Streaming,649.02,6241,16/07/2024
877,395,Mobile,244.14,679,21/07/2024
878,230,Streaming,485.9,8223,20/07/2024
879,529,Streaming,318.64,9217,01/07/2024
880,549,Mobile,427.8,7683,15/07/2024
881,69,Mobile,686.99,37,21/07/2024
882,11,Streaming,432.11,362,08/07/2024
883,768,Mobile,606.93,2686,07/07/2024
884,334,Streaming,180.77,6426,22/07/2024
885,697,Streaming,859.58,55,29/07/2024
886,187,Streaming,801.31,4484,16/07/2024
887,113,Mobile,282.99,7319,17/07/2024
888,135,Streaming,819.49,5926,02/07/2024
889,983,Streaming,250.38,8916,02/07/2024
890,578,Streaming,145,8755,14/07/2024
891,592,Streaming,694.18,138,16/07/2024
892,554,Streaming,723.02,8286,19/07/2024
893,348,Streaming,819.1,6843,24/07/2024
894,891,Streaming,145.11,6031,15/07/2024
895,72,Streaming,331.92,7650,08/07/2024
896,175,Mobile,871.25,5904,30/07/2024
897,311,Streaming,4.98,7359,16/07/2024
898,214,Streaming,415.47,1540,27/07/2024
899,459,Mobile,827.48,4934,07/07/2024
900,131,Streaming,409.35,7318,17/07/2024
901,731,Streaming,39.82,1772,30/07/2024
902,478,Streaming,830.05,4561,11/07/2024
903,472,Mobile,273.36,2103,10/07/2024
904,515,Mobile,629.38,9286,07/07/2024
905,735,Streaming,143.65,2189,17/07/2024
906,656,Streaming,612.91,6622,26/07/2024
907,975,Mobile,793.83,6605,28/07/2024
908,284,Mobile,698.06,8996,04/07/2024
909,832,Streaming,773.99,1340,24/07/2024
910,79,Mobile,761.72,6094,24/07/2024
911,763,Streaming,638.75,3638,21/07/2024
912,526,Streaming,590.36,5731,19/07/2024
913,94,Streaming,419.95,434,25/07/2024
914,565,Streaming,925.01,4273,18/07/2024
915,372,Mobile,180.82,5959,09/07/2024
916,344,Streaming,987.07,5256,30/06/2024
917,181,Streaming,778.69,1382,26/07/2024
918,838,Streaming,984.5,3819,05/07/2024
919,711,Mobile,125.94,2640,01/07/2024
920,548,Streaming,594.75,2687,06/07/2024
921,881,Mobile,31.11,1850,12/07/2024
922,492,Streaming,672.89,607,04/07/2024
923,675,Mobile,820.41,8209,28/07/2024
924,847,Streaming,361.01,6880,10/07/2024
925,310,Streaming,702.63,405,21/07/2024
926,381,Streaming,166.33,3385,12/07/2024
927,345,Streaming,343.33,8055,30/07/2024
928,561,Streaming,477.33,4851,23/07/2024
929,888,Mobile,264.88,1123,05/07/2024
930,918,Mobile,187.31,3,12/07/2024
931,971,Mobile,884.17,9423,07/07/2024
932,128,Mobile,759,5264,26/07/2024
933,695,Mobile,589.63,226,28/07/2024
934,271,Streaming,635.55,9799,05/07/2024
935,788,Mobile,2.61,2778,28/07/2024
936,887,Mobile,659.92,7208,19/07/2024
937,222,Streaming,465.47,1875,23/07/2024
938,126,Mobile,964.91,447,26/07/2024
939,805,Streaming,39.64,269,16/07/2024
940,102,Mobile,800.2,6807,01/07/2024
941,75,Mobile,348.49,5222,02/07/2024
942,632,Mobile,109.57,3677,07/07/2024
943,885,Mobile,331.82,9021,30/07/2024
944,330,Mobile,943.95,2200,26/07/2024
945,224,Mobile,22.03,7252,11/07/2024
946,110,Mobile,156.93,5227,30/07/2024
947,128,Mobile,390.99,4139,19/07/2024
948,956,Mobile,114.22,9255,18/07/2024
949,429,Streaming,253.21,1617,05/07/2024
950,608,Mobile,833.1,5528,05/07/2024
951,628,Mobile,139.75,1759,19/07/2024
952,598,Mobile,393.28,3135,08/07/2024
953,744,Mobile,613.05,1994,30/07/2024
954,746,Mobile,483.51,7722,05/07/2024
955,668,Streaming,737.39,3291,16/07/2024
956,798,Streaming,303.68,3761,17/07/2024
957,634,Streaming,46.71,5956,25/07/2024
958,300,Mobile,883.47,617,10/07/2024
959,482,Mobile,153.15,8837,18/07/2024
960,643,Mobile,137.85,4422,30/07/2024
961,143,Mobile,477.51,5622,17/07/2024
962,724,Mobile,138.12,6486,03/07/2024
963,189,Streaming,808.78,6272,28/07/2024
964,779,Mobile,433.05,4042,10/07/2024
965,601,Streaming,205.9,6481,18/07/2024
966,186,Mobile,811.01,7540,18/07/2024
967,97,Streaming,911.12,768,15/07/2024
968,428,Mobile,186.44,3016,21/07/2024
969,874,Streaming,695.19,4240,01/07/2024
970,815,Streaming,21.84,6919,03/07/2024
971,814,Streaming,6.54,5908,29/07/2024
972,661,Streaming,701.02,709,22/07/2024
973,858,Mobile,114.54,83,21/07/2024
974,436,Mobile,143.82,4845,09/07/2024
975,618,Streaming,342.78,920,08/07/2024
976,462,Streaming,971.88,1719,29/07/2024
977,866,Mobile,312.69,7472,13/07/2024
978,864,Mobile,687.74,9336,23/07/2024
979,320,Mobile,205.27,270,13/07/2024
980,68,Mobile,82.05,381,13/07/2024
981,873,Streaming,499.14,9513,15/07/2024
982,241,Streaming,722.98,109,04/07/2024
983,446,Streaming,727.46,8294,04/07/2024
984,653,Streaming,970.07,486,27/07/2024
985,129,Mobile,528.88,9633,26/07/2024
986,52,Streaming,365.64,8740,04/07/2024
987,795,Mobile,493.98,1532,11/07/2024
988,326,Mobile,478.98,1578,12/07/2024
989,285,Mobile,904.76,3542,29/07/2024
990,256,Mobile,537.19,9566,10/07/2024
991,70,Mobile,680.84,1520,25/07/2024
992,139,Streaming,768.84,1141,29/07/2024
993,318,Mobile,241.12,5334,06/07/2024
994,882,Streaming,670.15,2316,20/07/2024
995,335,Streaming,474.54,846,04/07/2024
996,942,Mobile,783.47,1948,28/07/2024
997,163,Streaming,705.11,1179,06/07/2024
998,89,Mobile,351.56,7281,20/07/2024
999,269,Streaming,759.69,6820,01/07/2024
1000,943,Mobile,945.37,4920,17/07/2024